,number of cases,Population at Year-end (10000 persons),Natural growth rate (‰),Average annual salary per urban employee ( Yuan),Population density (person / square kilometer),Per Capita GDP(yuan),Secondary industry as percentage to GDP,Service Sector as Percentage to GDP,Number of theaters,Collections of public libraries (100 people),Percentage_employee,Province,City
0,0,608.0079999999999,9.54,62658.793333333335,257.24666666666667,36500.6,44.026666666666664,41.67,23.0,30.53,0.11122024710201182,Yunnan,Lincang
1,0,262.8017142857143,3.6885714285714277,61967.69571428572,53.70928571428571,90488.03571428571,44.19178571428571,44.6075,14.142857142857142,72.27857142857144,0.12171393750421285,Inner Mongolia,Wuhai
2,1,81.66199999999999,-2.048,48290.96,137.615,27462.0,38.465,47.11,3.0,27.7,0.12354950895153194,Heilongjiang,Qitaihe
3,1,286.42400000000004,13.562,65480.386,123.67,74308.75,51.5675,34.3675,20.0,169.86,0.08519914532301762,Fujian,Sanming
4,1,718.8796000000001,7.924266666666667,49751.920933333335,760.757,43912.7884,48.81266666666667,38.58083333333333,10.266666666666667,25.26033333333333,0.09419399669522778,Henan,Sanmenxia
5,1,192.944,9.894,73561.942,230.55,172369.6,63.90500000000001,32.6375,20.0,113.15,0.21997107969151675,Shandong,Dongying
6,1,343.2697777777778,5.015777777777777,56835.102222222224,261.54166666666674,40623.46666666667,46.951388888888886,46.380833333333335,13.88888888888889,49.13444444444444,0.1253752862989524,Shanxi,Linfen
7,1,262.8017142857143,3.6885714285714277,61967.69571428572,53.70928571428571,90488.03571428571,44.191785714285714,44.6075,14.142857142857142,72.27857142857144,0.12171393750421283,Inner Mongolia,Ulanqab
8,1,118.238,-5.254,36261.094,37.04,21657.6,20.8725,37.96,8.0,70.405,0.14521659703310272,Heilongjiang,Yichun
9,1,108.04450000000001,11.72311111111111,65996.60266666667,435.45166666666665,50681.88888888888,17.35611111111111,62.405555555555544,6.0,57.50000000000001,0.2965061309614711,Hainan,Danzhou
10,1,338.54,13.012,67427.276,333.54,45073.2,51.095,39.89,7.0,13.845,0.07075648372422756,Guizhou,Liupanshui
11,1,418.686,0.8000000000000002,47901.14599999999,785.405,34235.4,55.445,28.8025,9.0,13.32,0.06983381340670576,Sichuan,Neijiang
12,1,485.60070588235294,1.633323529411765,59817.757647058825,519.3082352941177,40148.57647058824,52.17161764705883,33.918676470588224,10.117647058823529,36.18176470588235,0.12051124065620607,Sichuan,Liangshan
13,1,223.912,2.146,64952.38200000001,80.61500000000002,125332.25,46.4675,50.775,17.0,99.08,0.1702341098288613,Inner Mongolia,Baotou
14,1,173.65200000000002,13.886,56024.046,511.385,63478.0,50.725,31.902500000000003,7.0,37.43,0.08243417870223205,Guangxi,Beihai
15,1,420.98800000000006,-2.184,54901.29,154.02499999999995,55723.5,42.48,48.17,4.0,52.435,0.09200110216918295,Jilin,Jilin
16,1,260.04,0.966,58261.67,10.385,59238.0,40.9875,41.38500000000001,30.0,61.915,0.14396685125365327,Inner Mongolia,Hulunbuir
17,1,453.69022222222225,7.88111111111111,47159.683999999994,489.7033333333333,52238.86111111111,48.833055555555546,37.18916666666667,21.88888888888889,45.56111111111111,0.14357185470653985,Hubei,Xianning
18,1,249.34599999999998,4.372,73310.07800000001,193.615,75917.0,31.4875,67.4425,4.0,86.97,0.28884313363759606,Xinjiang,Kashgar
19,1,323.502,-1.014,50347.45200000001,229.85,35225.5,39.1675,36.6325,2.0,20.635,0.05902788854473851,Jilin,Siping
20,1,151.014,9.46,69216.032,116.245,20077.8,27.0175,52.4375,10.0,38.73,0.04490709470645105,Ningxia,Guyuan
21,1,348.42625,-3.0192499999999995,51116.0089375,109.14874999999998,40350.174999999996,31.950625000000002,41.120625,18.875,48.475625,0.11232846979812802,Heilongjiang,Daxing
22,1,333.419975308642,4.862197530864197,57409.78158024692,267.03740740740744,41970.45185185186,46.74293209876543,46.68537037037037,12.432098765432098,50.64716049382716,0.13115085938032847,Shanxi,Datong
23,1,265.90200000000004,6.198,56921.60399999999,143.68416666666667,29250.078999999998,34.9175,47.93375,8.5,38.222500000000004,0.09477218423830333,Gansu,Tianshui
24,1,394.9106,4.093799999999999,56740.62480000001,272.87949999999995,48900.060000000005,53.7255,35.54225,16.7,41.091499999999996,0.1255633857384431,Shaanxi,Ankang
25,1,298.298,14.982000000000001,64949.71799999999,316.165,30071.8,33.542500000000004,49.3475,4.0,17.7,0.06241047543060966,Guizhou,Anshun
26,1,175.26,4.168,56649.91,26.91,51886.25,48.6475,31.845,5.0,39.155,0.08496177108296246,Inner Mongolia,Bayannur
27,1,304.882,-0.23400000000000004,62476.628,188.565,25642.0,46.5325,37.405,32.0,36.59,0.055700828517262414,Sichuan,Guangyuan
28,1,403.92166,4.16618,57056.83308000001,287.18295,50464.346000000005,53.6203,35.791225000000004,17.57,42.938649999999996,0.13036414338364527,Shaanxi,"""Yan'an"""
29,1,361.99800000000005,-1.362,53010.10280000001,212.567,52683.45,45.95,41.28600000000001,9.4,43.73700000000001,0.11862755042845538,Jilin,Yanbian
30,1,751.6039733333333,8.099084444444445,49639.45112888889,796.9987999999998,42825.57416,48.19601111111111,38.94972222222222,10.55111111111111,22.84502222222222,0.09387218803301933,Henan,Kaifeng
31,1,170.61399999999998,2.112,57319.01,179.76,32333.0,21.5075,67.3025,8.0,12.65,0.05128055142016482,Hunan,Zhangjiajie
32,1,248.69666666666672,5.920000000000001,57820.24133333333,124.93402777777779,31196.658833333335,35.240833333333335,47.496458333333344,8.75,40.95458333333333,0.10285794832616262,Gansu,Zhangye
33,1,608.0079999999999,9.54,62658.793333333335,257.24666666666667,36500.6,44.02666666666667,41.67,23.0,30.530000000000005,0.11122024710201182,Yunnan,Dehong
34,1,522.506,4.606,55104.575999999994,187.99,27551.6,38.55,47.5075,5.0,31.57,0.050395363880988926,Hunan,Huaihua
35,1,608.0079999999999,9.54,62658.793333333335,257.2466666666666,36500.6,44.026666666666664,41.67,23.0,30.53,0.11122024710201182,Yunnan,Nujiang
36,1,470.54669135802465,7.309456790123456,47766.072888888884,510.13203703703704,53107.456790123455,48.86145061728394,37.427962962962965,24.098765432098766,47.217901234567904,0.14848173133630066,Hubei,Enshi
37,1,734.9198,7.492399999999999,58297.1872,537.2045,43333.311,46.03675,41.881750000000004,14.8,26.4745,0.07920168704122546,Hebei,Chengde
38,1,700.176,13.796,48421.66,1332.21,32376.4,57.2925,34.0225,5.0,14.825,0.05497480633440733,Guangdong,Jieyang
39,1,608.0079999999999,9.54,62658.793333333335,257.24666666666667,36500.6,44.02666666666667,41.669999999999995,23.0,30.53,0.11122024710201182,Yunnan,Wenshan
40,1,249.34599999999998,4.372,73310.07800000001,193.615,75917.0,31.4875,67.4425,4.0,86.97,0.28884313363759606,Xinjiang,Changji
41,1,334.7017503429355,4.938663923182442,57258.835533607686,271.0315637860083,43074.05761316872,47.512146776406034,45.79680041152264,12.813443072702333,53.93906721536351,0.1317430493653757,Shanxi,Jinzhong
42,1,608.0079999999999,9.540000000000001,62658.793333333335,257.2466666666666,36500.6,44.02666666666668,41.67,23.0,30.529999999999998,0.11122024710201182,Yunnan,"""Pu'er"""
43,1,168.50599999999997,7.99,51676.848,318.23,48591.5,54.4575,38.31,6.0,58.435,0.11193476790143973,Jiangxi,Jingdezhen
44,1,338.9,1.164,48914.587999999996,173.02,28128.8,31.4675,45.1125,8.0,25.57,0.074486397167306,Liaoning,Chaoyang
45,1,608.0079999999999,9.54,62658.793333333335,257.24666666666667,36500.6,44.02666666666668,41.67,23.0,30.529999999999998,0.11122024710201182,Yunnan,Chuxiong
46,1,268.38711111111115,6.0823333333333345,57689.400555555556,140.59469907407404,31158.801972222223,36.43680555555555,47.48503472222223,9.208333333333334,31.267847222222226,0.10354105153804925,Gansu,Wuwei
47,1,265.10200000000003,2.26,67329.95599999999,453.42,77635.4,48.8275,45.5975,5.0,78.36500000000002,0.18669372543398388,Zhejiang,Huzhou
48,1,289.558,3.928,56403.96799999999,579.585,65686.8,53.0775,39.355,10.0,46.49,0.1439380020583096,Hunan,Xiangtan
49,1,537.0269230769231,4.822,55877.72076923078,383.27730769230766,47305.092307692306,43.32692307692308,44.23403846153846,11.384615384615385,32.72730769230769,0.078766722768519,Hunan,Xiangxi
50,1,391.754,8.466000000000001,59159.094000000005,401.475,63712.8,47.56999999999999,43.24,16.0,33.07,0.12496030672309663,Shandong,Binzhou
51,1,273.52,10.126,54495.982,861.0799999999998,36134.4,52.0225,40.84,7.0,23.435,0.0709293653114946,Guangdong,Chaozhou
52,1,,,,,,,,,,,Macao,Macao
53,1,764.5690382222222,7.99555674074074,49788.448804148145,791.9543866666664,43122.77483733333,48.64374518518518,38.758703703703695,10.65451851851852,22.5490237037037,0.09422630860477771,Henan,Puyang
54,1,203.954,5.954,66338.61600000001,263.66,51792.4,45.48,51.135,12.0,76.41499999999998,0.16846014297341558,Qinghai,Yushu
55,1,193.694,-2.582,43700.972,76.515,34474.5,42.385,40.4625,4.0,25.76,0.10454562350924655,Jilin,Baicheng
56,1,129.748,1.7959999999999998,44382.456,318.865,81672.0,51.58750000000001,38.80750000000001,3.0,49.105,0.3422028855936123,Liaoning,Panjin
57,1,470.5466913580247,7.309456790123457,47766.072888888884,510.13203703703704,53107.45679012346,48.86145061728394,37.427962962962965,24.098765432098766,47.2179012345679,0.14848173133630063,Hubei,Jingzhou
58,1,452.9875604938271,7.497802469135801,47652.95557777777,515.2217407407408,55388.1774691358,49.384345679012334,37.71500925925926,25.00864197530864,50.11719135802469,0.1605154015021545,Hubei,Jingmen
59,1,203.954,5.954,66338.61600000001,263.66,51792.4,45.48,51.135,12.0,76.41499999999998,0.16846014297341558,Qinghai,Xining
60,1,552.8280000000002,13.145999999999995,55651.325999999994,515.08,22593.2,40.985,39.8025,9.0,15.805,0.033301750273141,Guangxi,Guigang
61,1,242.178,14.012,59597.30800000001,203.37,25402.4,39.8425,38.8475,5.0,27.9,0.04254606116162493,Guangxi,Hezhou
62,1,119.52,-2.5620000000000003,47736.002,236.185,58165.75,55.4375,36.95,2.0,31.895000000000003,0.1013731593038822,Jilin,Liaoyuan
63,1,468.55851654320986,7.715182716049382,48033.57873555555,542.5869148148147,55687.245216049385,49.08653024691357,38.11851018518519,26.709506172839507,51.76041049382716,0.16229615614285858,Hubei,Ezhou
64,1,420.73782600000004,3.9703979999999994,56266.954388,309.551245,49670.5806,52.875080000000004,36.407097500000006,19.127,42.757515,0.12977148225317872,Shaanxi,Tongchuan
65,1,96.762,14.632,57086.942,152.485,71859.2,55.285,32.129999999999995,4.0,39.455,0.09572022074781422,Guangxi,Fangchenggang
66,1,294.904,14.748,55147.314000000006,365.405,50390.4,42.1275,41.27,9.0,28.7,0.07877370262865203,Guangdong,Yangjiang
67,1,103.522,-4.046,47383.93,72.61,26185.6,30.925,35.25,3.0,40.69,0.18083344603079538,Heilongjiang,Hegang
68,1,127.83200000000002,9.922,60322.834,356.6,59659.5,58.6475,33.845,6.0,34.975,0.11878559359158894,Jiangxi,Yingtan
69,1,164.3,-2.84,46090.615,24.78,28204.6,15.489999999999998,37.5275,6.0,20.84,0.13138003651856361,Heilongjiang,Heihe
70,1,530.6399166666666,12.759166666666667,68469.92541666667,327.00916666666666,38666.066666666666,39.218333333333334,45.69944444444445,10.166666666666666,63.73749999999999,0.07677825311231926,Guizhou,Qianxi
71,2,267.816,5.73,84847.398,153.675,55696.8,45.01750000000001,47.145,21.0,66.13,0.06924970875526482,Zhejiang,Lishui
72,2,335.0428337143728,4.864737692424935,57386.13014845299,278.7606264288981,43933.44179240969,47.74349641822893,45.87311156835848,12.792714525224815,55.480630239292786,0.13455553584098326,Shanxi,Lüliang
73,2,786.8268407703704,7.9369938567901235,49925.27979109136,776.8213457777778,43316.58182648888,48.22299486419753,39.09545061728395,11.031486419753087,23.11429195061728,0.09430278621687095,Henan,Shangqiu
74,2,454.5168086,4.184637799999999,56342.90622680001,319.01286949999997,50732.37866,52.728088,36.21205725,20.2397,37.3607665,0.12958828218789883,Shaanxi,Shangluo
75,2,255.71,-0.06600000000000003,57822.196,439.665,114754.2,46.3675,46.25,15.0,127.15,0.22015666184349456,Shandong,Weihai
76,2,504.34456819753086,7.59010098765432,48614.804809111105,527.7801062962963,53704.169737654316,48.40193327160493,38.647861203703705,29.180456790123458,53.21745154320987,0.16152766564019497,Hubei,Xiaogan
77,2,281.486962962963,6.3757222222222225,58124.722981481485,154.5279822530864,32350.560967592595,36.49752314814815,48.762540509259274,10.57638888888889,32.035821759259264,0.10747872892299819,Gansu,Dingxi
78,2,600.318,11.776000000000002,50136.96400000001,319.42,32172.25,48.94,36.7775,40.0,27.25,0.07505971834927488,Jiangxi,Yichun
79,2,607.976,2.13,54509.66799999999,321.9600000000001,50272.8,43.44,44.115,29.0,25.405,0.06938267300025003,Hunan,Changde
80,2,770.2507800000001,7.847239999999999,58669.691119999996,581.2679499999999,43663.6621,46.168425,42.260425000000005,13.38,26.72695,0.07941840292586266,Hebei,Langfang
81,2,363.914,11.0,65094.162000000004,310.91,73423.2,54.515,40.7725,5.0,44.42,0.2603287589925092,Guangdong,Huizhou
82,2,418.156,13.336000000000002,54440.448,219.83,29584.75,47.765,36.25750000000001,24.0,33.510000000000005,0.08770262772745101,Jiangxi,Fuzhou
83,2,213.632,-3.642,53730.45400000001,192.235,51681.2,52.09,41.075,9.0,49.01000000000001,0.12022243858597963,Liaoning,Fushun
84,2,110.11200000000001,3.9019999999999997,70265.962,150.575,83094.0,69.36,27.2675,6.0,75.565,0.2557485106073815,Sichuan,Panzhihua
85,2,774.2980968217284,8.019193447242799,49977.06631049745,769.1097688296296,44358.74461492148,48.639861188477376,39.13748065843621,11.033585514403292,23.893244747325102,0.09599706695689066,Henan,Xinxiang
86,2,123.364,9.395999999999997,56670.16,387.505,83605.25,53.81,40.3225,2.0,52.615,0.11000794397068837,Jiangxi,Xinyu
87,2,328.8213707937476,4.816819658249928,57358.16816494777,289.39125158766456,45474.268658233,46.48499602025437,47.018457298176095,13.325238361360904,58.43958915476977,0.1403676068858504,Shanxi,Jincheng
88,2,267.64799999999997,10.38,56167.554,198.485,27850.8,38.0975,37.5175,7.0,30.175,0.0487038199426112,Guangxi,Laibin
89,2,412.61399999999986,10.386,54483.662000000004,886.645,55918.0,52.2575,40.455,8.0,33.635,0.10635547994008931,Shandong,Zaozhuang
90,2,401.80400000000003,5.267999999999999,61498.922,354.455,60775.6,53.2875,39.1175,16.0,36.365,0.11053662979960378,Hunan,Zhuzhou
91,2,530.6399166666667,12.759166666666669,68469.92541666667,327.0091666666667,38666.066666666666,39.21833333333334,45.699444444444445,10.166666666666666,63.7375,0.07677825311231923,Guizhou,Bijie
92,2,161.642,4.538,56797.70200000001,193.54,41048.6,44.835,42.8575,7.0,26.875,0.06703901213793444,Anhui,Chizhou
93,2,800.5852580000001,7.5651639999999984,57003.91023200001,567.990245,42263.40831,46.45276750000001,41.6049675,14.118,24.486645,0.07726735267963178,Hebei,Cangzhou
94,2,370.142,14.576000000000002,56909.45400000001,233.58,28800.6,43.66749999999999,45.1,5.0,21.995,0.07466026551971945,Guangdong,Heyuan
95,2,169.22,10.706,63161.30800000001,719.96,57284.6,19.0025,76.145,9.0,77.47,0.30093298664460466,Hainan,Haikou
96,2,216.76,11.314,57895.59199999999,788.5799999999998,38486.0,58.1675,34.39,5.0,40.725,0.10511837977486622,Anhui,Huaibei
97,2,832.7919999999999,9.696000000000002,56681.424000000006,619.11,35916.0,38.0,43.2225,23.0,19.47,0.062295242989846206,Guangdong,Zhanjiang
98,2,653.9359999999998,0.828,64113.34199999999,471.56,98032.8,50.89999999999999,42.2975,26.0,104.115,0.15708586161336896,Shandong,Yantai
99,2,116.73,10.502,74702.92599999999,642.99,138143.8,49.4225,48.51,22.0,297.7999999999999,0.6450345241154799,Guangdong,Zhuhai
100,2,539.3399999999998,-3.688,43393.736,158.03,23895.4,26.1425,35.41,13.0,21.5,0.04842296139726334,Heilongjiang,Suihua
101,2,630.48,16.854000000000006,54200.02,686.85,47318.0,50.375,38.21,14.0,56.735,0.07415226494099733,Shandong,Liaocheng
102,2,177.972,-1.944,55993.888,376.8,46964.2,50.99500000000001,40.66,9.0,48.58,0.09588778010024052,Liaoning,Liaoyang
103,2,317.954,1.2040000000000002,57060.128,49.69,56125.0,45.9175,38.38,5.0,31.8,0.08699245802851985,Inner Mongolia,Tongliao
104,2,374.43,-1.398,56297.25800000001,713.235,31100.4,52.6275,32.004999999999995,15.0,29.975,0.06165184413642069,Sichuan,Suining
105,2,824.8739999999999,6.166,52678.66,393.655,20793.4,36.37,43.3625,9.0,17.755000000000006,0.04573020849244855,Hunan,Shaoyang
106,2,159.064,9.547999999999998,76795.44,18.04,201072.25,55.7325,41.6775,15.0,142.92000000000004,0.19822976914952473,Inner Mongolia,Ordos
107,2,297.6760000000001,-5.6160000000000005,45389.124,231.825,25725.2,34.4625,40.96250000000001,7.0,22.54,0.07647589997178138,Liaoning,Tieling
108,2,132.12,4.31,62602.91,615.235,71999.8,62.69,33.2725,7.0,98.9,0.129010293672419,Anhui,Tongling
109,2,340.9050786597195,5.031355175833253,57161.70173883085,295.7325017640717,45137.765175814435,45.5349955780604,47.728285886862324,13.361375957067672,62.673432394188616,0.13859993937455398,Shanxi,Changzhi
110,2,485.6007058823529,1.6333235294117647,59817.75764705881,519.3082352941177,40148.57647058824,52.17161764705883,33.918676470588224,10.117647058823529,36.18176470588235,0.12051124065620608,Sichuan,Aba
111,2,277.99245679012347,6.377675925925927,60183.02681172839,154.6834792952675,35819.05446219136,38.79211033950617,47.877963927469146,10.839120370370372,33.284292052469134,0.11794608217379618,Gansu,Longnan
112,2,345.25,-1.926,47997.685999999994,375.04,54223.0,43.7175,50.355,11.0,74.16499999999998,0.14146166545981173,Liaoning,Anshan
113,2,333.06199999999995,11.803999999999998,61344.268,178.995,41217.2,37.0475,50.16,15.0,46.935,0.09954386870912926,Guangdong,Shaoguan
114,2,783.0254366098436,8.057273010392318,50246.329797863946,771.6287534182716,44775.91718924957,48.48635193437586,39.18247936899863,11.10249121536351,24.13446106381344,0.09580143950322939,Henan,Zhumadian
115,2,148.078,3.8819999999999997,61433.988,151.76,42167.0,39.9575,50.2125,14.0,60.065,0.07789030105755075,Anhui,Huangshan
116,3,58.876000000000005,11.25,66731.75,303.545,64710.4,20.3825,66.375,3.0,82.55000000000003,0.22380154901827568,Hainan,Sanya
117,3,249.34599999999998,4.372,73310.07800000001,193.615,75917.0,31.4875,67.4425,4.0,86.96999999999998,0.28884313363759606,Xinjiang,Ürümqi
118,3,502.5354250172839,7.763911086419752,49252.064890022215,521.5391169259259,55850.811711419745,48.39637659876543,39.090647324074084,31.198502469135803,56.82669669753086,0.16191973900026368,Hubei,Shiyan
119,3,772.2207323838333,8.117357877751806,50604.12845105488,782.1510036461564,45832.45846853288,49.05744206333426,39.190811326931865,10.909323963054412,24.58875846806767,0.09750595363507136,Henan,Zhoukou
120,3,802.9685838,7.2896804,56668.43665520001,569.8417694999999,41852.429141,46.24504425,41.51771425,15.0298,25.2143095,0.07860142613464974,Hebei,Tangshan
121,3,277.99245679012347,6.377675925925927,60183.02681172841,154.6834792952675,35819.05446219136,38.79211033950617,47.877963927469146,10.839120370370372,33.284292052469134,0.11794608217379615,Gansu,Qingyang
122,3,807.64224218,7.583048440000001,56178.99832072,570.8519464499999,37819.392055100005,45.29854867499999,42.110985675,14.23278,24.636740449999998,0.07541446475904537,Hebei,Zhangjiakou
123,3,341.1823096219106,5.095505750925837,57559.13015425649,301.558335293413,45670.51686201603,44.634161753400456,48.37920654095814,13.734862174519634,64.0299248824318,0.13981606517475903,Shanxi,Shuozhou
124,3,346.444,13.9,51949.254,271.795,36887.2,54.24,33.845,6.0,30.97,0.05632673678862962,Guangxi,Wuzhou
125,3,875.508,12.595999999999998,57988.70400000001,763.4649999999998,52161.2,46.7375,42.31,19.0,21.105,0.09800552365026932,Shandong,Jining
126,3,431.32,4.994,61657.678,719.21,96128.4,53.575,43.105,8.0,55.56,0.1949151905777613,Shandong,Zibo
127,3,901.002,7.544,61677.46,552.04,59039.8,47.9225,43.21250000000001,38.0,171.735,0.09542069828923799,Shandong,Weifang
128,3,97.17200000000001,-0.8380000000000001,83081.45,668.3499999999998,101738.8,39.1625,50.55,9.0,158.455,0.36081566706458645,Zhejiang,Zhoushan
129,3,1010.532,16.384,50256.172,816.655,30488.4,52.16,36.91,23.0,13.07,0.050640632854773514,Shandong,Heze
130,3,199.308,10.526,55388.2,517.125,49659.25,54.2925,39.40000000000001,11.0,50.16,0.09767776506713229,Jiangxi,Pingxiang
131,3,232.384,0.19399999999999995,48522.14,444.765,55980.8,45.8625,46.215,11.0,58.675,0.10799409597906913,Liaoning,Yingkou
132,3,968.166,13.992,55578.10400000001,243.02,25761.5,43.5075,42.1,26.0,35.23000000000001,0.058218342722219124,Jiangxi,Ganzhou
133,3,678.58,3.922,50767.418,413.29,26473.4,44.57749999999999,34.7125,13.0,20.375,0.06051483981254974,Sichuan,Dazhou
134,3,597.0013846153846,3.8559999999999994,69281.40953846154,765.4519230769231,93806.40384615384,46.386923076923075,47.06153846153846,20.076923076923077,81.30653846153847,0.19532880609219047,Jiangsu,Lianyungang
135,3,841.6542663980001,8.152153283999999,56315.60695279201,615.2106410949999,38373.29126061,45.985153542499994,41.8785842425,15.356058,24.057414494999996,0.07539662624590339,Hebei,Xingtai
136,3,530.2139999999998,4.1819999999999995,54325.598,268.445,45197.6,52.12750000000001,38.475,6.0,25.345,0.06795358100691422,Hunan,Chenzhou
137,3,476.30276190476195,12.043333333333335,69297.40847619048,326.2426190476191,40686.1619047619,39.30952380952381,46.48757936507936,11.476190476190476,71.60571428571428,0.0879902179066176,Guizhou,Tongren
138,3,188.09400000000002,-3.736,49514.562000000005,183.49,26954.8,34.4125,43.78,3.0,25.165,0.09221399938328706,Liaoning,Fuxin
139,3,228.54,4.032,67635.628,563.385,68826.0,56.9975,37.5675,4.0,50.3,0.10370700971383566,Anhui,"""Ma'anshan"""
140,3,481.65658503401363,12.717809523809525,68395.41997278911,338.3587074829932,42572.042176870746,40.81017006802722,46.325447845804995,12.544217687074829,79.12010204081632,0.09334194298085582,Guizhou,Qiandongnan
141,3,481.65658503401363,12.717809523809525,68395.41997278911,338.35870748299317,42572.042176870746,40.81017006802722,46.32544784580499,12.544217687074829,79.12010204081632,0.09334194298085582,Guizhou,Qiannan
142,4,780.3,11.47,54197.45,339.41,26851.25,48.0625,39.005,20.0,23.815,0.05577711136742279,Jiangxi,Shangrao
143,4,319.812,7.431999999999999,60015.575999999994,121.615,54936.25,43.1725,36.335,8.0,64.835,0.07753017397721161,Fujian,Nanping
144,4,740.2721145427554,8.068781736268594,50853.60674779187,765.1560705559001,47143.20463310175,49.185938200889865,39.64053208206065,11.03661222725804,25.851675699272178,0.10235642457393487,Henan,Nanyang
145,4,274.69599999999997,-2.568,74261.65400000001,129.83499999999998,110327.4,62.6075,31.0075,21.0,92.48,0.18690960188717717,Heilongjiang,Daqing
146,4,450.92,7.504,50108.032,550.2049999999998,35281.0,49.36749999999999,37.21,4.0,21.005,0.06527623525237293,Hunan,Loudi
147,4,474.77428946,4.125701579999999,57278.086049480014,337.88415645,52864.476526,52.7326468,36.49676297500001,21.46367,39.04334315,0.13214902973907977,Shaanxi,Baoji
148,4,466.61800000000005,3.204,61552.95,740.1600000000002,33443.8,50.4725,33.82,9.0,38.17,0.04758444809244392,Sichuan,"""Guang'an"""
149,4,602.0313372781065,3.5110769230769225,69755.91611834319,770.920147928994,97041.28106508877,46.54399408284023,47.3783875739645,20.698224852071007,83.81704142011834,0.20255787998061317,Jiangsu,Xuzhou
150,4,591.2940000000001,10.532,53556.848,564.875,51406.6,48.805,41.115,14.0,24.595,0.09205376682327233,Shandong,Dezhou
151,4,544.278,12.255999999999998,59744.66,338.5499999999999,23341.2,35.35,45.4425,12.0,33.995,0.05396775177390965,Guangdong,Meizhou
152,4,359.81199999999995,13.654000000000002,53533.912000000004,738.015,27203.0,45.2275,39.515,9.0,8.98,0.06228019076628908,Guangdong,Shanwei
153,4,427.288,11.502,58541.49000000001,126.19,19476.0,32.1475,45.6075,3.0,27.655,0.04425347774802943,Guangxi,Hechi
154,4,568.6922093764224,3.0119289940828398,70557.2801274465,763.1216977696859,99449.72576240328,46.769878243058706,47.41018661811562,21.598088302230316,87.94565999089667,0.21746560489618014,Jiangsu,Taizhou
155,4,428.56199999999995,14.726,66144.80600000001,218.34,35923.2,37.605,47.42,9.0,24.83,0.07687111783125897,Guangdong,Qingyuan
156,4,484.02491840600004,4.169871737999999,57643.818054428,350.48007209499997,52937.9441786,51.638911480000004,37.39193927250001,19.710037,39.164677465,0.13415677044224475,Shaanxi,Weinan
157,4,452.132,7.0459999999999985,61887.88000000001,332.4249999999999,36402.6,52.0425,32.2825,15.0,18.655,0.05590482425486362,Anhui,Chuzhou
158,4,709.5849221789392,8.220167185353167,51029.899464311326,786.3601419262934,48218.24120864187,49.53300074761585,39.652734220864694,10.905719709075242,26.66745407922366,0.10542097449088372,Henan,Jiaozuo
159,4,481.004,3.4839999999999995,55091.825999999994,391.32000000000005,33915.0,40.99500000000001,41.6875,6.0,23.36,0.055585026319947446,Hunan,Yiyang
160,4,348.43199999999996,-1.298,55930.115999999995,491.615,37006.0,52.352500000000006,32.317499999999995,6.0,10.0,0.05723986315837811,Sichuan,Meishan
161,4,350.092,15.532,56807.29,829.35,62850.25,55.935,37.46249999999999,4.0,27.185,0.14925750945465766,Fujian,Putian
162,4,847.2538930378001,7.796768612399999,56686.97304807122,614.2817052045,39575.400386671,46.084668896749996,42.02069266675,15.591663800000001,24.607155944499997,0.0774733900976475,Hebei,Hengshui
163,4,257.016,4.584,85737.226,289.245,56810.8,46.72,46.445,14.0,57.8,0.0793994148224235,Zhejiang,Quzhou
164,4,732.100183657535,8.241644997710043,51249.312628598746,778.0604847213796,47476.85715588465,48.87820079745691,40.030083168922346,10.832767689680258,26.407284351171903,0.10455695083933787,Henan,Xuchang
165,4,796.8375,10.525,70065.9925,256.815,37094.0,44.97,39.76666666666667,23.0,189.01,0.053891759612217045,Guizhou,Zunyi
166,4,408.22,10.76,51570.086,331.47,34018.8,41.265,37.8725,3.0,79.66499999999998,0.05031487923178678,Guangxi,Qinzhou
167,4,188.24599999999998,7.827999999999999,72011.938,207.755,75289.6,50.735,45.5425,17.0,219.06,0.27979484291830903,Ningxia,Yinchuan
168,4,542.118,-2.56,50875.0625,129.77,25142.6,30.18,46.395,17.0,31.7,0.07060713719153394,Heilongjiang,Qiqihar
169,5,164.55599999999995,11.474,63842.998,883.02,99695.86,52.7275,45.1725,25.0,102.865,0.4953651036729139,Guangdong,Zhongshan
170,5,518.538,11.329999999999998,57131.85600000001,265.04999999999995,43803.5,52.7725,39.8875,20.0,40.145,0.0848740497321315,Jiangxi,Jiujiang
171,5,747.1525959013708,8.394954664224047,51386.034803838666,762.7808503694716,46947.8162996103,48.197747517287375,40.4499220468505,11.154952202325608,26.763769974583365,0.1051635300079986,Henan,Xinyang
172,5,740.6659999999998,0.468,55072.012,601.5150000000001,26422.0,46.63,32.295,3.0,19.04,0.06068249386363085,Sichuan,Nanchong
173,5,241.296,5.08,58970.18200000001,138.74,98429.25,28.21,67.8625,14.0,92.07,0.17170678336980308,Inner Mongolia,Hohhot
174,5,608.0079999999999,9.54,62658.793333333335,257.24666666666667,36500.6,44.02666666666667,41.67,23.0,30.530000000000005,0.11122024710201185,Yunnan,Dali
175,5,351.624,10.628,61934.212,260.645,55902.75,50.485,32.73,6.0,36.235,0.08585722248765727,Fujian,Ningde
176,5,573.4785331746087,3.230692762858443,71235.4967526347,754.2641360596618,100359.26235951121,46.63159964637092,47.55212405027835,21.10563355624803,90.91955691327334,0.21741933194311647,Jiangsu,Suqian
177,5,572.3464203418863,2.722746052309093,72403.98004129891,759.6394542180972,104463.18638716593,46.52903038839945,48.121325900299766,21.882989983651726,96.36567667583284,0.2280745842053412,Jiangsu,Wuxi
178,5,654.47,9.21,55494.054,223.915,29689.0,47.55500000000001,33.739999999999995,6.0,20.76,0.07285837395144162,Yunnan,Qujing
179,5,639.636,5.0200000000000005,51380.628,284.355,28499.0,35.69499999999999,44.1325,6.0,23.07,0.051029460505662594,Hunan,Yongzhou
180,5,558.012,8.308,50964.426,2574.625,37804.8,51.3575,43.6225,10.0,52.385,0.1024276180440564,Guangdong,Shantou
181,5,394.76199999999994,5.806,60223.59199999999,412.62,54327.2,48.40000000000001,43.945,1.0,57.475,0.15137049665368,Guangdong,Jiangmen
182,5,736.7046356281288,8.452084975172317,51217.944057427914,781.8759070607697,47939.724052917656,48.76326401843986,40.62391684997387,11.29861568248065,27.78535463955559,0.10828171772565928,Henan,Luoyang
183,5,331.72,10.67,67093.674,946.885,30155.2,49.8125,39.1225,6.0,18.415,0.09240419631014107,Anhui,Huainan
184,5,416.23800000000006,9.714,55310.672,113.95,30739.8,51.705,31.4175,7.0,39.185,0.05249145921323857,Guangxi,Baise
185,5,444.82199999999995,1.91,63550.044,535.115,96356.8,50.16,45.6025,35.0,81.10499999999998,0.292474068278997,Zhejiang,Shaoxing
186,5,794.448,15.886,57495.046,681.825,43801.6,40.2475,43.80499999999999,2.0,17.89,0.058581908444605556,Guangdong,Maoming
187,5,518.1101675190123,7.859702195061727,49548.23537902444,559.0655286185186,57252.29288256173,48.34376425864197,39.03921205648149,33.918352716049384,59.031366367283944,0.16003459986116,Hubei,Huanggang
188,5,313.096,14.464000000000002,58727.566000000006,161.60500000000005,73147.0,51.405,37.3175,8.0,58.94,0.10054104811303884,Fujian,Longyan
189,6,1144.048,16.758,59356.15800000001,650.6949999999998,39250.4,44.285,46.8375,7.0,31.305,0.07876019188006099,Shandong,Linyi
190,6,353.49800000000005,0.24250000000000016,59557.6,278.92,43147.0,54.3475,34.825,1.0,18.965,0.07475765067977753,Sichuan,Leshan
191,6,886.5820823415801,8.05204547364,56896.69535287833,624.40187572495,40441.0404253381,46.140885786424995,42.129511933425,16.75083018,25.675371538949992,0.07842233662126649,Hebei,Baoding
192,6,353.116,2.53,75022.12,890.345,86528.8,53.16,43.2975,31.0,204.605,0.22424636663306113,Zhejiang,Jiaxing
193,6,360.7156773576784,4.998117501028708,57610.185726951655,317.4653725482367,44614.70762446227,44.58017972600051,48.31884060106459,14.483180193910705,66.67158320270201,0.14102965888367325,Shanxi,Taiyuan
194,6,553.876,3.95,62293.2,416.805,37717.0,55.59,30.7075,10.0,22.785,0.06556124475514376,Sichuan,Yibin
195,6,566.938,6.526000000000002,50078.225999999995,379.35,53590.2,48.285,41.13500000000001,28.0,22.275,0.08170710024729338,Hunan,Yueyang
196,6,376.324,4.444000000000001,50750.53400000001,310.38,16570.6,47.07250000000001,36.395,11.0,17.625,0.08271462888362156,Sichuan,Bazhong
197,6,737.3029446700041,8.439557306850471,51084.05766125644,802.8416341981543,47292.92938977883,48.82464828633586,40.27367797330546,11.651856727979359,27.735044948859294,0.10881951515646125,Henan,Pingdingshan
198,6,560.214,5.644,69032.88,281.925,65668.2,39.7925,55.5675,40.0,57.475,0.23437461398679788,Yunnan,Kunming
199,6,278.76,-0.7240000000000001,50993.956,269.195,28342.8,40.62,44.445,16.0,12.14,0.0801856076912039,Liaoning,Huludao
200,6,378.49,13.39,56820.292,627.71,42511.8,47.0675,38.655,12.0,31.695,0.07129414251367275,Anhui,Bengbu
201,6,462.08600000000007,2.708,61084.15800000001,51.585,41333.25,43.38,40.3275,13.0,39.01,0.07106564578887913,Inner Mongolia,Chifeng
202,6,359.61541928630936,4.872130556698565,56543.63769661295,294.16708060915187,41648.60847162474,45.35381080666723,46.902045112294,13.425755771011893,54.347870225224455,0.12471443648777562,Shanxi,Yuncheng
203,6,854.9844905757382,8.227850021003999,57020.33028816616,632.7830632974449,41561.21346787191,45.9529743650675,42.403463126767505,15.025913198000001,26.439408692844996,0.07868722426631276,Hebei,Handan
204,6,578.9269142143391,2.7644957486405612,71684.11742909114,738.4286430041047,101482.37380156331,46.374148110584024,47.977004815707446,20.02783536700955,96.00457488166613,0.22738648985463694,Jiangsu,Zhenjiang
205,6,,,,,,,,,,,Hongkong,HongKong
206,6,495.64478427091353,7.8826724145678995,50444.85231692689,572.4265814803704,60280.3471708179,49.23189068450616,39.13288326212963,34.51018798765432,62.38250300401235,0.16973235943750253,Hubei,Huangshi
207,7,1043.92,2.53,91544.412,857.4549999999998,112238.75,44.68750000000001,54.1375,27.0,161.215,0.27018348149283467,Tianjin,Tianjin
208,7,651.762,8.662,50912.612,650.125,24478.6,38.665,41.515,4.0,9.54,0.18324790337577215,Anhui,Suzhou
209,7,389.898,0.15399999999999994,67486.01400000001,661.91,51360.6,54.59,33.0,11.0,42.2,0.0823235820650529,Sichuan,Deyang
210,7,608.008,9.540000000000001,62658.793333333335,257.24666666666667,36500.6,44.02666666666668,41.67,23.0,30.53,0.11122024710201182,Yunnan,Zhaotong
211,7,476.8850102466,4.366858911799999,58278.3520598708,342.95057930449997,55320.21859645999,52.028552628,37.43038319975001,20.5810407,41.36964521149999,0.13990747123527916,Shaanxi,Hanzhong
212,7,602.570984538519,2.934226190843681,71878.21415440584,740.736615542882,100432.7102478374,46.151967196013565,48.044082109223396,21.260745779856435,95.13838833410199,0.22937913741962956,Jiangsu,Yancheng
213,7,518.2678626980048,7.524339656024691,50950.20174861957,571.5042396284074,60880.10688789969,48.441329752956776,39.565671588342596,37.36120678641976,63.75175330441357,0.17250129321062702,Hubei,Xiangyang
214,7,412.19599999999997,-1.1900000000000002,54976.788,635.21,37771.2,53.28,28.697500000000005,7.0,24.78,0.05176634416636745,Sichuan,Ziyang
215,7,481.838,5.674,73282.60800000001,435.51,66313.4,44.93,51.1225,26.0,62.43000000000001,0.18535503634001468,Zhejiang,Jinhua
216,7,752.2860000000002,1.5319999999999996,68364.798,366.26,79828.0,50.28,44.215,35.0,87.96000000000002,0.16552441491666728,Jilin,Changchun
217,8,279.33966490299827,6.108772486772487,59974.70007054674,162.75611919459143,36892.35167107584,36.802768959435625,49.729101631393306,11.530423280423282,34.262762345679015,0.12520500511862645,Gansu,Lanzhou
218,8,748.7979409813377,8.36366112730717,51163.65603867353,809.0360764780313,47962.401749097415,48.701458172091584,40.290089838192486,11.895313843177982,27.928714612116583,0.10945566630765942,Henan,Anyang
219,8,279.75,2.036,63027.924000000006,227.335,41921.6,49.075,39.005,14.0,28.385,0.06199020554066131,Anhui,Xuancheng
220,8,486.24731127125995,4.5969448029799995,58509.93406585788,363.14113723494995,57353.62045610599,52.7129078908,37.39942151972501,22.23914477,43.42060973264999,0.14471836822089268,Shaanxi,Yulin
221,8,508.516,3.7319999999999998,58771.20200000001,414.71,34423.2,57.7625,30.15,8.0,25.265,0.07080500908525984,Sichuan,Luzhou
222,8,835.6189396333118,7.833235023104399,57511.70471698277,609.8828696271894,42247.0548146591,45.80802180157424,42.570809439444254,15.428504517800002,27.4478495621295,0.08003196052367398,Hebei,Shijiazhuang
223,8,326.2920000000001,1.0059999999999998,63443.52800000001,749.8499999999998,43916.8,55.35,33.565,5.0,15.2,0.06401548306424919,Sichuan,Zigong
224,8,1059.41,12.264000000000001,52618.8325,1053.175,18038.2,41.2175,37.505,13.0,5.825,0.03240177079695302,Anhui,Fuyang
225,9,644.87,9.914,52343.68,744.835,20816.6,39.085,41.1925,10.0,15.09,0.03732088638020067,Anhui,Bozhou
226,9,640.446,8.638000000000002,59189.138,390.92,23034.0,44.6075,37.6425,13.0,9.42,0.15246728061382223,Anhui,"""Lu'an"""
227,9,600.7180000000002,5.166,65074.00600000001,634.415,66180.6,44.7475,49.05499999999999,47.0,53.66,0.1660900788722828,Zhejiang,Taizhou
228,9,508.496,13.318,62784.52800000001,387.97,61388.25,48.215,38.8325,10.0,90.315,0.11070049715238665,Fujian,Zhangzhou
229,9,718.546,12.628,53688.71,553.0,26686.8,41.3425,40.7925,11.0,21.31,0.044891155193961134,Guangxi,Yulin
230,10,585.2529064260974,2.9007051286008876,72861.51062782167,760.0855859692575,103337.5533438249,46.215003134168455,48.441126886855955,22.126956993691547,99.63134128287905,0.2430874948430569,Jiangsu,Nantong
231,10,496.826842398386,4.587839283277999,57790.87727244367,390.8452509584449,53940.30250171659,51.65344867988,38.02786367169751,23.163059247,44.554670705915,0.14722216865291526,Shaanxi,Xianyang
232,10,384.504,9.118,60628.71799999999,204.32,64793.4,55.9125,37.06,6.0,51.255,0.15558412916380582,Guangxi,Liuzhou
233,10,532.2940000000001,8.704,59729.502,189.63,39594.4,42.3425,39.5625,25.0,98.25,0.07946135030640959,Guangxi,Guilin
234,10,571.3743607665664,3.234759369262494,72987.72775303872,762.601400274585,104176.69206258067,46.080195682950645,48.58640587815257,21.136722916283205,102.70413676617744,0.23970606023714658,Jiangsu,"""Huai'an"""
235,10,542.4559999999999,2.282,64552.45,270.095,39613.4,47.42250000000001,37.7375,17.0,34.62,0.09456427802439278,Sichuan,Mianyang
236,11,757.3064703800935,8.364838535794313,51399.02284125177,807.2788149099,48467.40026570391,48.66655538356436,40.27309582740532,11.221668099389849,28.46262891959102,0.11050295136381007,Henan,Zhengzhou
237,11,697.1519999999999,7.011999999999999,77074.93000000001,571.855,123075.0,48.925,47.355,16.0,115.96,0.179575157211053,Hunan,Changsha
238,12,400.338,12.944,70087.69399999999,481.73,67747.0,38.3175,57.3875,22.0,134.20499999999998,0.26428752703965147,Guizhou,Guiyang
239,13,206.082,10.330000000000002,58005.102,785.345,83834.2,47.3025,52.36500000000001,13.0,520.345,1.1520403528692462,Guangdong,Dongguan
240,13,572.0223885178408,3.1645100899749936,73951.70958019554,778.1522772187839,107520.16837508687,46.34444150471609,48.74862940724123,22.224163140612685,107.2313780558834,0.2490522741139771,Jiangsu,Yangzhou
241,13,795.138,6.65,76511.364,692.98,111224.8,42.50750000000001,53.77499999999999,43.0,75.89500000000002,0.18524195799974344,Shandong,Qingdao
242,14,963.534,-1.15,62371.02,183.51,59926.2,30.9225,58.305,80.0,82.49000000000002,0.13471547449285648,Heilongjiang,Harbin
243,14,592.274,2.6260000000000003,84580.526,596.36,113590.0,51.51,45.11,90.0,120.84,0.27099234475935124,Zhejiang,Ningbo
244,14,798.154,4.748,50836.325999999994,519.6700000000002,37995.2,41.6225,44.2875,5.0,24.205,0.06573247769227494,Hunan,Hengyang
245,15,580.5868799422901,3.34085701997307,74466.42200944136,784.1874523894596,108244.87363470894,46.092667774309625,49.06160090010594,23.472175689890584,110.3534071371052,0.2505002463463035,Jiangsu,Changzhou
246,16,523.616,11.357999999999999,66149.62599999999,700.98,80918.75,53.23,42.645,9.0,99.195,0.2336096299578317,Jiangxi,Nanchang
247,16,386.858,4.524,62305.246,638.49,74777.8,57.32,37.9925,9.0,47.555,0.11979935790393376,Anhui,Wuhu
248,18,406.314,10.585999999999999,67535.086,1019.76,115564.4,59.6075,38.73,55.0,102.67,0.41535728525229254,Guangdong,Foshan
249,18,566.2,5.4,54724.515999999996,403.48,34243.8,50.12000000000001,37.4225,25.0,25.155,0.06177308371600141,Anhui,Anqing
250,18,687.2520000000002,10.012,69450.812,525.7349999999999,82385.5,42.92249999999999,49.57,36.0,120.295,0.23143600891667104,Fujian,Fuzhou
251,20,221.91,14.722000000000001,71965.698,1267.615,98127.0,42.59,56.7775,5.0,252.605,0.64117245730251,Fujian,Xiamen
252,20,518.2678626980049,7.524339656024691,50950.20174861958,571.5042396284074,60880.10688789969,48.44132975295678,39.56567158834259,37.36120678641976,63.75175330441357,0.17250129321062696,Hubei,Wuhan
253,21,735.6419999999999,-0.3260000000000001,68421.718,567.9749999999998,77192.6,43.5525,51.8925,49.0,166.695,0.1818752871641369,Liaoning,Shenyang
254,21,636.066,7.979999999999999,76925.51999999999,779.955,92709.442,37.315,58.09500000000001,30.0,187.145,0.21112299667015688,Shandong,Jinan
255,22,442.7906315789474,12.22242105263158,62763.827368421036,792.5252631578948,66844.82421052632,45.45092105263158,45.84342105263158,15.555555555555555,136.12421052631578,0.22520334548037554,Guangdong,Shenzhen
256,23,749.9860000000001,7.824000000000002,69714.45599999999,330.42,51788.2,37.0425,52.02,21.0,106.13,0.13043187472832823,Guangxi,Nanning
257,24,733.13,15.254000000000001,57463.20400000001,652.845,79018.25,59.525,37.6575,34.0,88.19,0.2023909538553872,Fujian,Quanzhou
258,25,1349.75,3.78,74807.07400000001,1006.0,80589.0,43.505,52.915000000000006,9.0,170.615,0.3806108686793852,Sichuan,Chengdu
259,25,819.382,7.836,70619.936,672.8050000000002,55519.2,42.92,54.42000000000001,10.0,136.405,0.13237361816588603,Zhejiang,Wenzhou
260,25,596.3943322455432,3.4118460215094597,74112.8070870907,779.4418718040334,107174.44083737885,45.99229606464114,48.990185584729474,24.73926612757447,112.42482307072868,0.2536594103265684,Jiangsu,Suzhou
261,27,594.7719999999998,0.8859999999999999,75247.886,472.515,105534.8,43.93250000000001,50.02,6.0,265.935,0.18112742361778972,Liaoning,Dalian
262,30,496.26372663822457,4.6538232116058,58626.85159968804,378.1737760542894,54529.812751888254,51.040793547868,39.03790003886726,24.2793651717,46.7101377765065,0.15168749126819495,Shaanxi,"""Xi'an"""
263,37,740.67,6.1979999999999995,87834.288,433.765,123124.4,37.73,59.57,78.0,267.4,0.3883906463067223,Zhejiang,Hangzhou
264,37,3386.6079999999997,4.4239999999999995,68272.86200000001,409.545,56001.5,44.045,48.735,12.0,37.74,0.18612620651696332,Chongqing,Chongqing
265,40,878.518,11.752,90992.826,1140.99,142553.6,30.45,68.36,53.0,245.045,0.3755781213361594,Guangdong,Guangzhou
266,42,1449.734,-1.03,117481.352,2272.45,113177.5,31.52,68.065,81.0,518.125,0.4627186642515111,Shanghai,Shanghai
267,46,732.304,9.739999999999998,72602.88399999999,625.0799999999998,81371.0,51.18250000000001,44.475,49.0,66.16,0.21072532718652365,Anhui,Hefei
268,49,589.946050110585,3.360603407779419,73646.28024763614,780.3947080966514,104150.39782486952,45.804780377305846,48.898661398939446,24.873055829695588,102.22211715309244,0.23732379552229202,Jiangsu,Nanjing
269,89,1355.3200000000004,3.5420000000000003,124811.882,816.0350000000002,116225.25,19.735,79.70250000000001,251.0,430.92,0.5839042292595105,Beijing,Beijing
