,City,Population at Year-end (10000 persons),Natural growth rate (‰),"Number of employees at the end of the year (10,000 Yuan)",Number of the registered unemployed at the end of year,Average annual salary per urban employee ( Yuan),"Number of average employees on site (10,000 Yuan)",Population density (person / square kilometer),Per Capita GDP(yuan),Secondary industry as percentage to GDP,Service Sector as Percentage to GRP,"Total retail sales of social consumer goods (10,000 Yuan)","Government expenditure on Science (10,000 yuan)","Government expenditure on Education (10,000 yuan)",Number of secondary schools,Number of theaters,Collections of public libraries (100 people),Number of employees joining urban basic medical care system,Persons covered of unemployment insurance,"Population (registered residence population) at the end of the year (10,000)","Number of male population (registered residence population) at the end of the year (10,000)","Number of female population (registered residence population) at the end of the year (10,000)"
0,北京市,1355.3200000000004,3.5420000000000003,791.37708,88137.2,124811.882,737.55,816.0350000000002,116225.25,19.735,79.70250000000001,108608363.8,3287752.2,8950368.2,645.6,251.0,430.92,15591149.4,11337030.6,1347.1509666666668,674.3815000000002,672.7694666666667
1,天津市,1043.92,2.53,282.04994,246174.2,91544.412,242.112,857.4549999999998,112238.75,44.68750000000001,54.1375,53788917.2,1153322.0,4817743.4,518.6,27.0,161.215,6421408.0,3040200.0,1043.9160000000002,522.168,521.748
2,石家庄市,1009.3480000000001,8.325999999999999,97.60004,52282.25,61379.21799999999,92.15,784.995,53587.4,43.715,47.9,28698938.0,101004.0,1560444.2,404.6,20.0,46.16,1747377.8,926655.4,1030.58,,
3,唐山市,756.232,4.356,85.18016,56397.0,61562.81999999999,75.74,559.74,82182.8,55.71,35.585,23673701.0,78359.0,1255766.6,330.4,23.0,30.99,1724581.6,846684.2,756.0533333333333,,
4,邯郸市,1048.64,12.174,71.2777,99918.2,52106.586,64.52199999999999,861.785,34702.8,47.4025,40.73,14953651.2,51359.6,1066941.0,391.2,11.0,16.355,1160446.4,689608.0,1044.7333333333333,,
5,张家口市,467.52200000000005,1.892,35.40806,37288.4,54812.912000000004,32.798,127.265,32280.4,38.4325,44.435,6822219.2,19781.6,691766.0,164.0,3.0,30.43,787241.25,389969.8,469.2033333333334,,
6,保定市,1202.558,6.294000000000001,92.04266,49242.8,55660.346,82.60600000000001,540.5899999999998,29239.31,48.02,39.39,17685162.6,34047.6,1299787.8,456.0,34.0,18.035,1380472.75,526015.6,1201.93,,
7,沧州市,776.7520000000002,10.32,49.30538,23027.6,60358.64599999999,44.443999999999996,549.475,46373.2,48.53,42.4775,12259772.0,40140.4,1076259.6,318.2,5.0,17.21,764547.4,368989.8,774.2533333333334,,
8,邢台市,785.658,11.706,41.6405,20354.8,52601.946,38.45,624.5,26352.2,44.99,40.4575,9731311.4,22266.6,805183.6,278.0,13.0,18.56,851752.2,353748.0,780.43,,
9,廊坊市,466.906,10.668,54.30192,10012.0,75327.5,40.3225,714.0450000000002,57666.2,43.325,48.815,8850741.8,54069.8,823446.0,181.4,6.0,49.13,707272.6,295011.6,460.51,,
10,承德市,381.61,3.944,28.554900000000004,20648.8,54572.148,25.811999999999998,96.57,40029.8,44.72,38.09500000000001,5440191.6,20627.4,604533.8,122.6,29.0,23.95,559342.5,227144.2,382.01666666666665,,
11,衡水市,453.972,5.244,26.757559999999998,23365.8,54589.75,24.29,513.0799999999998,30919.0,45.5225,40.93250000000001,6759078.8,22036.6,492877.6,173.0,4.0,13.925,412496.8,186199.2,453.2866666666667,,
12,太原市,370.61800000000005,6.132000000000001,105.07298,49620.4,67209.11799999999,101.02,527.1500000000002,71309.6,37.61749999999999,61.07,16473854.4,157688.0,677899.4,223.4,24.0,177.58499999999995,2067293.2,905924.0,369.0225,,
13,大同市,321.884,4.1739999999999995,40.4315,49840.0,58768.296,37.885999999999996,231.09,32038.0,39.82000000000001,54.68250000000001,6145312.0,14721.8,510122.8,210.6,9.0,21.02,922556.0,451652.2,322.855,,
14,长治市,338.41,4.454,43.16931999999999,13903.8,53584.846,41.354,243.3,40343.0,53.6425,41.87,5680731.0,21001.8,464533.8,210.6,10.0,50.465,675447.4,413669.8,338.2625,,
15,晋城市,220.06800000000004,2.886,36.31388,5883.8,59126.365999999995,34.082,232.32,48502.8,55.035,40.63,3907987.0,16053.2,344688.2,157.6,13.0,20.335,451470.8,304518.2,219.835,,
16,朔州市,165.382,5.972,19.1832,5733.0,57099.63000000001,17.868000000000006,158.39499999999995,55172.8,45.12000000000001,48.9225,2729128.0,7468.0,247070.8,90.2,7.0,40.255,238151.6,183274.4,165.9775,,
17,晋中市,331.63199999999995,5.603999999999999,35.20948,11608.6,56113.184,31.368,201.47,35339.6,45.43,45.11,5693588.8,20157.2,481955.8,227.4,13.0,40.065,617246.0,320907.4,331.04,,
18,吕梁市,391.036,5.296,35.41585999999999,11836.75,57637.788,32.698,183.085,30066.0,59.06999999999999,35.565,4377060.4,17074.6,619836.0,290.0,8.0,28.85,436189.8,320865.0,390.295,,
19,临汾市,431.918,6.397999999999999,36.82062,18463.8,51662.988,33.976,212.08,28500.6,48.8275,43.64,6133139.8,12284.2,502196.2,279.8,27.0,35.52,669201.0,350051.8,431.6475,,
20,运城市,518.48,4.226,35.72108,13665.666666666664,50313.704000000005,32.989999999999995,364.985,24338.8,38.0,45.9375,7074106.4,17266.4,582884.2,315.4,14.0,28.115,359066.66666666674,340324.2,519.85,,
21,呼伦贝尔市,260.04,0.966,37.43714,28127.0,58261.67,36.63,10.385,59238.0,40.9875,41.38500000000001,5946195.4,28748.6,476235.6,138.6,30.0,61.915,711396.4,272695.6,261.05,129.5712,123.2868
22,通辽市,317.954,1.2040000000000002,27.6596,17673.0,57060.128,27.35,49.69,56125.0,45.9175,38.38,5069688.4,14738.6,506107.2,137.6,5.0,31.8,497261.6,182221.4,318.4425,158.57786000000004,154.05213999999998
23,鄂尔多斯市,159.064,9.547999999999998,31.53122,21281.6,76795.44,29.738000000000003,18.04,201072.25,55.7325,41.6775,6953844.4,27999.2,586922.0,67.8,15.0,142.92000000000004,433496.8,212849.6,158.32999999999996,115.24799999999999,90.4
24,巴彦淖尔市,175.26,4.168,14.8904,13314.6,56649.91,14.264000000000001,26.91,51886.25,48.6475,31.845,2054762.8,7215.4,272682.6,49.0,5.0,39.155,302911.8,102285.2,175.575,88.46422,79.68177999999997
25,呼和浩特市,241.296,5.08,41.43216,39979.4,58970.18200000001,41.9,138.74,98429.25,28.21,67.8625,14426239.8,34856.2,490604.2,108.0,14.0,92.07,732720.6,491499.4,240.12,157.11838,151.28361999999996
26,包头市,223.912,2.146,38.117459999999994,52894.8,64952.38200000001,36.29,80.61500000000002,125332.25,46.4675,50.775,13717690.2,50262.4,502135.4,94.2,17.0,99.08,898551.4,426292.0,223.89,146.4959,138.5521
27,赤峰市,462.08600000000007,2.708,32.838440000000006,27223.6,61084.15800000001,32.312,51.585,41333.25,43.38,40.3275,6987373.2,15432.6,820398.4,147.8,13.0,39.01,670629.4,266336.4,462.8575,220.80176,210.10024
28,沈阳市,735.6419999999999,-0.3260000000000001,133.7951,100109.4,68421.718,124.27,567.9749999999998,77192.6,43.5525,51.8925,38960623.2,213373.2,1139579.2,297.6,49.0,166.695,9764105.6,1408265.4,735.54,363.3,372.13599999999997
29,大连市,594.7719999999998,0.8859999999999999,107.72952,83017.0,75247.886,101.558,472.515,105534.8,43.93250000000001,50.02,33857207.0,259410.2,1087217.6,289.4,6.0,265.935,4149643.0,1484521.4,594.794,295.56,299.168
30,鞍山市,345.25,-1.926,48.83964,31391.2,47997.685999999994,47.002,375.04,54223.0,43.7175,50.355,9513605.0,20849.6,332286.6,162.2,11.0,74.16499999999998,1057511.2,563252.2,345.20599999999996,173.55999999999997,171.572
31,抚顺市,213.632,-3.642,25.68336,23991.2,53730.45400000001,25.376,192.235,51681.2,52.09,41.075,6376771.4,10514.8,184520.4,104.6,9.0,49.01000000000001,1089177.2,489126.0,213.54399999999995,106.28,107.246
32,营口市,232.384,0.19399999999999995,25.0961,17816.2,48522.14,25.432,444.765,55980.8,45.8625,46.215,5044082.6,6392.4,225766.6,100.6,11.0,58.675,825598.8,237782.8,232.43,117.54,114.838
33,阜新市,188.09400000000002,-3.736,17.3449,18624.6,49514.562000000005,16.18,183.49,26954.8,34.4125,43.78,2817289.6,3238.0,215487.8,94.6,3.0,25.165,624811.2,197361.2,188.134,93.42,94.712
34,辽阳市,177.972,-1.944,17.065340000000006,14904.2,55993.888,17.028,376.8,46964.2,50.99500000000001,40.66,3315450.4,9480.0,180822.0,78.4,9.0,48.58,647965.8,227839.6,177.958,89.66,88.21799999999999
35,铁岭市,297.6760000000001,-5.6160000000000005,22.76504,19568.4,45389.124,22.18,231.825,25725.2,34.4625,40.96250000000001,4252859.0,12605.2,290208.4,122.8,7.0,22.54,536405.4,255568.2,297.53599999999994,150.46,146.32000000000005
36,朝阳市,338.9,1.164,25.24344,20518.4,48914.587999999996,24.741999999999997,173.02,28128.8,31.4675,45.1125,4372105.6,6750.4,345856.6,166.2,8.0,25.57,564739.8,239329.8,338.98,173.66,165.352
37,盘锦市,129.748,1.7959999999999998,44.40014,16706.2,44382.456,42.57,318.865,81672.0,51.58750000000001,38.80750000000001,3707372.4,12012.0,184166.2,71.8,3.0,49.105,659538.6,346339.8,129.654,64.72,64.93599999999999
38,葫芦岛市,278.76,-0.7240000000000001,22.35254,25064.8,50993.956,20.8,269.195,28342.8,40.62,44.445,4642072.6,9471.0,293291.2,130.6,16.0,12.14,636351.2,240055.4,278.84,142.79999999999995,136.134
39,长春市,752.2860000000002,1.5319999999999996,124.52169999999998,72997.8,68364.798,120.71,366.26,79828.0,50.28,44.215,26406902.08,102677.6,1093918.0,338.4,35.0,87.96000000000002,2106783.4,961682.6,752.2860000000002,377.95,374.45599999999996
40,吉林市,420.98800000000006,-2.184,38.731359999999995,34894.4,54901.29,38.752,154.02499999999995,55723.5,42.48,48.17,13717451.0,35692.2,572892.6,180.8,4.0,52.435,1230557.6,424280.4,420.98800000000006,211.614,209.43
41,四平市,323.502,-1.014,19.09564,13128.2,50347.45200000001,18.33,229.85,35225.5,39.1675,36.6325,5791521.2,6266.0,390072.6,164.2,2.0,20.635,721311.6,215360.8,323.502,163.89600000000004,159.846
42,辽源市,119.52,-2.5620000000000003,12.11612,11905.2,47736.002,11.616,236.185,58165.75,55.4375,36.95,2201803.2,5222.6,170578.6,62.0,2.0,31.895000000000003,333416.0,74945.2,119.52,60.676,58.84
43,白城市,193.694,-2.582,20.24986,13573.4,43700.972,18.695999999999998,76.515,34474.5,42.385,40.4625,3243537.6,9590.2,288996.6,121.0,4.0,25.76,431635.4,130031.4,193.694,97.62,96.12799999999999
44,哈尔滨市,963.534,-1.15,129.80293999999998,92897.8,62371.02,122.426,183.51,59926.2,30.9225,58.305,36758923.0,94937.2,1202242.0,456.4,80.0,82.49000000000002,2531029.4,1038690.4,963.432,483.08,480.36266000000006
45,齐齐哈尔市,542.118,-2.56,38.2774,114191.0,50875.0625,34.468,129.77,25142.6,30.18,46.395,7307791.6,12036.6,602670.8,244.6,17.0,31.7,1168887.8,287548.2,541.994,273.94599999999997,268.15052000000003
46,鹤岗市,103.522,-4.046,18.72024,16656.8,47383.93,12.06,72.61,26185.6,30.925,35.25,1265913.2,3661.8,132103.6,38.6,3.0,40.69,232863.0,83364.8,103.412,51.618,51.72418
47,七台河市,81.66199999999999,-2.048,10.0893,8840.8,48290.96,9.762,137.615,27462.0,38.465,47.11,1000963.0,1811.6,83776.8,45.0,3.0,27.7,208099.2,99408.0,81.52199999999998,41.583999999999996,39.971779999999995
48,黑河市,164.3,-2.84,21.585740000000005,9154.4,46090.615,12.702,24.78,28204.6,15.489999999999998,37.5275,1097567.0,7288.4,173036.4,75.6,6.0,20.84,270686.75,47605.2,164.262,82.774,81.28524
49,伊春市,118.238,-5.254,17.17012,21249.8,36261.094,15.582,37.04,21657.6,20.8725,37.96,1195324.6,3066.4,80321.8,50.4,8.0,70.405,387509.8,125358.8,118.244,58.82000000000001,59.52414000000001
50,大庆市,274.69599999999997,-2.568,51.34332000000001,40367.4,74261.65400000001,49.988,129.83499999999998,110327.4,62.6075,31.0075,11097332.2,7517.6,410146.6,145.8,21.0,92.48,588916.25,180396.4,276.156,138.358,138.95966
51,绥化市,539.3399999999998,-3.688,26.11644,20316.0,43393.736,23.924,158.03,23895.4,26.1425,35.41,5650373.6,8841.0,557965.6,256.8,13.0,21.5,512528.25,134700.4,539.3919999999999,275.762,263.71326
52,上海市,1449.734,-1.03,670.8189800000001,230920.0,117481.352,625.842,2272.45,113177.5,31.52,68.065,109761100.8,3384230.6,8191809.6,802.0,81.0,518.125,15226880.0,8324420.0,1449.836,,
53,南京市,668.62,5.604,214.38672,64640.2,92225.052,189.37599999999998,988.1,126466.5,39.35,58.31,50565345.8,595426.8,1977627.4,229.0,63.0,165.04500000000004,4016108.8,2637707.2,668.6080000000001,,334.744
54,无锡市,486.8,2.18,116.20533999999999,39777.8,81762.19399999999,104.654,1035.38,143213.75,48.5425,49.9975,31411626.2,401144.6,1394375.2,183.2,46.0,101.06,3133088.8,2066810.6,486.842,,246.572
55,徐州市,1035.44,10.0,99.52374,31191.6,59338.184,88.634,872.3,65731.5,43.6075,46.965,26211915.2,208879.6,1588004.4,336.2,9.0,30.145,1847795.0,885550.0,1035.3939999999998,,499.33727999999996
56,常州市,375.09,2.418,69.46674,32531.2,79063.416,64.03399999999999,845.88,122160.5,47.3975,49.99,22111837.4,237916.0,865184.6,160.6,7.0,83.425,1905431.0,1126773.2,375.13,,189.85792
57,苏州市,680.222,4.0779999999999985,297.82742,37780.2,80177.656,289.408,767.0550000000002,146487.0,48.43,50.18,49366441.8,1071268.0,2618902.0,290.4,23.0,245.06,6386175.0,4183110.0,680.132,,346.71568
58,南通市,765.674,-1.442,211.24262000000002,35504.0,71220.688,176.50400000000002,727.38,92428.75,47.9675,46.5525,26281209.4,267821.0,1524867.8,208.0,35.0,59.685,2083810.4,1040449.8,765.578,,388.86399999999986
59,连云港市,531.612,8.34,47.26145999999999,12581.4,63112.824,42.31,694.365,51753.0,44.345,42.9425,9326081.6,99667.8,745150.0,175.6,12.0,48.67,848112.2,397476.6,531.6800000000002,,254.158
60,淮安市,562.95,4.1480000000000015,65.44136,20174.2,60455.96400000001,58.89,560.44,60711.5,42.645,46.4775,10712222.6,102095.6,785425.4,186.0,7.0,43.85,952420.0,645180.0,563.016,,273.88844
61,盐城市,827.7059999999999,3.37,85.56136,18450.6,59095.36,74.28999999999998,489.2000000000001,62669.75,45.3325,42.8825,15994222.6,276752.8,1268987.0,278.0,10.0,36.73,1476172.8,744456.0,827.6519999999999,,400.61444
62,扬州市,460.684,0.8719999999999999,103.80564,24909.6,67260.448,94.12799999999999,699.695,98099.0,49.61750000000001,44.68,13549789.6,135607.2,818140.6,166.4,6.0,66.645,1353866.0,651178.0,460.65,,230.588
63,镇江市,271.55400000000003,0.5579999999999999,46.13846,14169.4,69160.86,43.036,708.425,115128.0,49.2625,47.105,12162469.0,133549.8,672121.0,110.8,4.0,107.265,968482.8,521533.8,271.51,,137.21582
64,泰州市,506.47,0.16799999999999998,110.48478,16197.8,61740.46400000001,98.43,878.27,87625.75,48.5675,45.565,11121345.4,117851.6,710448.6,185.2,28.0,49.285,1392333.2,654058.2,506.548,,248.438
65,宿迁市,588.196,9.834,48.60474,11558.8,56045.21400000001,44.902,684.385,47008.25,47.965,40.1525,7024372.4,92665.8,752578.8,185.2,11.0,20.12,695688.8,322290.6,588.2479999999998,,283.018
66,杭州市,740.67,6.1979999999999995,287.6693,38906.6,87834.288,264.61400000000003,433.765,123124.4,37.73,59.57,51015285.4,816017.6,2507756.2,327.8,78.0,267.4,6165799.0,3861586.0,740.6659999999998,368.67384,371.9833
67,嘉兴市,353.116,2.53,79.18498000000001,26927.4,75022.12,67.61800000000001,890.345,86528.8,53.16,43.2975,16450660.8,185000.6,952963.0,172.0,31.0,204.605,2467967.6,1221303.0,353.278,173.56426000000002,179.74424000000005
68,湖州市,265.10200000000003,2.26,49.49288,16406.0,67329.95599999999,42.378,453.42,77635.4,48.8275,45.5975,10778754.0,103546.8,583004.4,121.0,5.0,78.36500000000002,1503832.0,682400.0,265.142,131.20806000000002,133.90061999999998
69,舟山市,97.17200000000001,-0.8380000000000001,35.06118,9118.4,83081.45,17.0875,668.3499999999998,101738.8,39.1625,50.55,4584061.4,55591.2,295397.0,41.8,9.0,158.455,510594.4,219627.2,97.182,48.013020000000004,49.23271999999999
70,金华市,481.838,5.674,89.3111,24454.4,73282.60800000001,59.26800000000001,435.51,66313.4,44.93,51.1225,18862151.25,174957.6,1003615.4,242.6,26.0,62.43000000000001,2146372.2,818428.6,481.7360000000001,244.97716,236.78364
71,绍兴市,444.82199999999995,1.91,130.0989,38494.6,63550.044,121.098,535.115,96356.8,50.16,45.6025,17753623.4,239884.0,976823.8,185.0,35.0,81.10499999999998,2438286.8,1237492.2,444.96,222.06394,222.8099
72,温州市,819.382,7.836,108.46456,30100.6,70619.936,92.56200000000001,672.8050000000002,55519.2,42.92,54.42000000000001,28989343.8,141449.4,1606879.6,453.0,10.0,136.405,2597883.6,1140610.8,819.24,424.7393,394.54474
73,台州市,600.7180000000002,5.166,99.7733,23965.0,65074.00600000001,88.13600000000001,634.415,66180.6,44.7475,49.05499999999999,20177496.8,137451.8,1096206.4,267.8,47.0,53.66,1501468.4,990188.6,600.7040000000001,307.12334,293.61696
74,丽水市,267.816,5.73,18.54618,9556.6,84847.398,17.363999999999994,153.675,55696.8,45.01750000000001,47.145,5772277.4,65995.6,578751.6,96.6,21.0,66.13,832914.6,228582.2,267.908,137.87921999999998,130.02781999999996
75,衢州市,257.016,4.584,20.406920000000003,12698.4,85737.226,16.607999999999997,289.245,56810.8,46.72,46.445,6118857.2,80727.0,434406.6,95.8,14.0,57.8,993027.2,276007.6,256.954,131.39491999999998,125.6485
76,宁波市,592.274,2.6260000000000003,160.50172,67200.0,84580.526,136.66,596.36,113590.0,51.51,45.11,36424057.2,567611.6,1973653.8,295.4,90.0,120.84,4066795.0,2618648.2,592.252,293.9886600000001,298.2517200000001
77,宣城市,279.75,2.036,17.34176,10267.4,63027.924000000006,15.254000000000001,227.335,41921.6,49.075,39.005,4652947.8,99118.8,383167.2,154.2,14.0,28.385,414073.2,149693.4,279.82599999999996,144.546,135.37
78,宿州市,651.762,8.662,119.43402,11214.6,50912.612,28.288,650.125,24478.6,38.665,41.515,4667349.0,38548.6,612324.2,247.2,4.0,9.54,440131.0,202769.0,651.568,338.2820000000001,313.3
79,滁州市,452.132,7.0459999999999985,25.27636,14702.8,61887.88000000001,24.874,332.4249999999999,36402.6,52.0425,32.2825,5184000.8,80221.0,559308.6,270.8,15.0,18.655,560316.0,226283.6,452.132,234.76,217.39
80,池州市,161.642,4.538,10.836319999999999,6905.4,56797.70200000001,10.21,193.54,41048.6,44.835,42.8575,2201289.8,18519.6,199003.6,99.0,7.0,26.875,143950.6,76569.2,161.76000000000005,82.75399999999999,79.08800000000001
81,阜阳市,1059.41,12.264000000000001,34.32676,8486.4,52618.8325,32.78,1053.175,18038.2,41.2175,37.505,7693419.0,41987.8,892084.8,435.2,13.0,5.825,468201.4,255305.6,1059.41,552.7839999999999,506.52000000000015
82,六安市,640.446,8.638000000000002,97.64706,15443.0,59189.138,20.094,390.92,23034.0,44.6075,37.6425,5613880.0,62036.8,683711.8,365.4,13.0,9.42,509259.6,185244.6,640.4000000000002,323.92,289.12
83,合肥市,732.304,9.739999999999998,154.315,176493.6,72602.88399999999,134.558,625.0799999999998,81371.0,51.18250000000001,44.475,24002697.6,659171.0,1304910.0,356.6,49.0,66.16,2150476.8,1336439.4,732.2479999999998,377.82199999999995,354.39599999999996
84,蚌埠市,378.49,13.39,26.98412,27183.4,56820.292,20.926,627.71,42511.8,47.0675,38.655,6539573.4,111111.0,473819.2,172.4,12.0,31.695,601679.8,223175.0,378.528,196.258,182.17400000000004
85,淮南市,331.72,10.67,30.65232,24728.2,67093.674,28.785999999999998,946.885,30155.2,49.8125,39.1225,5004952.4,30482.4,341506.4,165.2,6.0,18.415,677800.2,304246.0,331.564,188.222,170.792
86,铜陵市,132.12,4.31,17.04484,9566.0,62602.91,16.05,615.235,71999.8,62.69,33.2725,2950854.2,75831.6,207048.8,68.0,7.0,98.9,419933.0,176680.6,132.096,77.596,73.792
87,马鞍山市,228.54,4.032,23.7012,21355.25,67635.628,22.51,563.385,68826.0,56.9975,37.5675,4764224.4,93227.0,321443.2,104.6,4.0,50.3,593409.2,256911.2,228.632,117.884,110.928
88,淮北市,216.76,11.314,22.78546,19665.8,57895.59199999999,22.098000000000003,788.5799999999998,38486.0,58.1675,34.39,2993199.4,13228.4,241263.0,124.2,5.0,40.725,552935.6,255204.8,216.72200000000004,111.192,105.436
89,芜湖市,386.858,4.524,46.34534000000001,17197.2,62305.246,42.49,638.49,74777.8,57.32,37.9925,8347898.6,478077.0,629435.2,210.2,9.0,47.555,925570.4,410604.2,386.75800000000004,199.59799999999998,187.08
90,安庆市,566.2,5.4,34.97592,14984.6,54724.515999999996,32.194,403.48,34243.8,50.12000000000001,37.4225,6938548.2,82705.4,667724.6,333.4,25.0,25.155,635878.0,256178.0,566.188,282.8660000000001,264.014
91,黄山市,148.078,3.8819999999999997,11.53384,5565.2,61433.988,10.552,151.76,42167.0,39.9575,50.2125,3147817.4,45014.0,172262.8,118.4,14.0,60.065,240581.4,99902.6,148.086,75.85600000000002,72.312
92,亳州市,644.87,9.914,24.067120000000003,7859.2,52343.68,21.254,744.835,20816.6,39.085,41.1925,4871120.4,35099.0,510944.4,287.4,10.0,15.09,349570.6,154908.6,644.79,339.662,305.0900000000001
93,福州市,687.2520000000002,10.012,159.05486000000005,33829.4,69450.812,139.126,525.7349999999999,82385.5,42.92249999999999,49.57,38350311.4,158764.6,1461191.0,319.4,36.0,120.295,1835481.2,1188630.2,687.184,351.61399999999986,335.662
94,三明市,286.42400000000004,13.562,24.40308,10091.2,65480.386,21.344,123.67,74308.75,51.5675,34.3675,4903749.0,41773.8,520682.8,156.4,20.0,169.86,472247.0,293083.4,286.432,149.69,136.57
95,南平市,319.812,7.431999999999999,24.79508,18741.2,60015.575999999994,21.372,121.615,54936.25,43.1725,36.335,5605738.8,24899.8,463777.6,163.8,8.0,64.835,454552.4,319454.4,319.778,165.072,154.762
96,宁德市,351.624,10.628,30.189460000000004,11016.6,61934.212,26.322000000000006,260.645,55902.75,50.485,32.73,5138028.0,27698.4,513881.2,176.4,6.0,36.235,571989.0,212068.0,351.58,184.516,166.942
97,莆田市,350.092,15.532,52.25386000000001,7898.0,56807.29,47.06399999999999,829.35,62850.25,55.935,37.46249999999999,6277679.0,30200.2,537239.2,145.0,4.0,27.185,395557.2,269810.4,350.144,178.84799999999998,171.21
98,泉州市,733.13,15.254000000000001,148.37888,21382.8,57463.20400000001,141.882,652.845,79018.25,59.525,37.6575,27631022.6,131575.6,1284503.4,326.2,34.0,88.19,1239544.4,660305.4,733.154,379.848,353.836
99,漳州市,508.496,13.318,56.29076,12435.8,62784.52800000001,46.466,387.97,61388.25,48.215,38.8325,8877637.2,52067.0,676000.0,207.4,10.0,90.315,732711.8,388039.6,508.456,261.10600000000005,247.474
100,龙岩市,313.096,14.464000000000002,31.479000000000006,16493.0,58727.566000000006,28.496,161.60500000000005,73147.0,51.405,37.3175,7298365.2,67208.4,553762.0,169.2,8.0,58.94,510953.2,363103.6,313.0300000000001,162.23799999999997,150.638
101,厦门市,221.91,14.722000000000001,142.28258,27680.0,71965.698,128.30599999999998,1267.615,98127.0,42.59,56.7775,13026665.6,219052.0,1119140.4,93.4,5.0,252.605,2499640.0,1975360.0,221.54,109.42200000000001,111.62
102,南昌市,523.616,11.357999999999999,122.32173999999999,64307.8,66149.62599999999,103.508,700.98,80918.75,53.23,42.645,18128683.8,150720.8,935388.8,286.4,9.0,99.195,1327819.4,614098.8,532.3976399999998,278.13136000000003,260.34064
103,景德镇市,168.50599999999997,7.99,18.86168,17622.2,51676.848,17.348,318.23,48591.5,54.4575,38.31,2973390.6,24483.0,253506.8,100.0,6.0,58.435,393216.0,134611.8,167.46828,84.9687,80.29690000000002
104,萍乡市,199.308,10.526,19.46796,16132.2,55388.2,18.32,517.125,49659.25,54.2925,39.40000000000001,3343349.4,46541.4,300950.8,106.2,11.0,50.16,505740.6,155486.8,196.47104,96.62628000000001,94.64296
105,九江市,518.538,11.329999999999998,44.01042,16100.2,57131.85600000001,40.538000000000004,265.04999999999995,43803.5,52.7725,39.8875,6483532.8,70042.4,855116.8,281.6,20.0,40.145,827609.6,347696.2,505.34045999999995,246.66099999999997,238.34764000000004
106,新余市,123.364,9.395999999999997,13.57102,13412.2,56670.16,12.912,387.505,83605.25,53.81,40.3225,2377507.8,24408.2,206684.6,39.6,2.0,52.615,291559.0,111225.8,121.3126,60.79968,56.573040000000006
107,鹰潭市,127.83200000000002,9.922,15.1846,9534.6,60322.834,14.774,356.6,59659.5,58.6475,33.845,1912822.4,38228.6,191501.0,84.0,6.0,34.975,181332.4,84744.2,123.28226000000002,60.23560000000001,55.81796000000001
108,赣州市,968.166,13.992,56.36502,32176.4,55578.10400000001,53.26000000000001,243.02,25761.5,43.5075,42.1,7834650.8,135450.4,1405372.6,467.4,26.0,35.23000000000001,949138.6,363262.2,923.42972,438.28534,420.84222
109,宜春市,600.318,11.776000000000002,45.0597,26700.6,50136.96400000001,42.298,319.42,32172.25,48.94,36.7775,5855514.8,124708.6,845132.8,246.2,40.0,27.25,887833.0,264089.0,581.45782,285.4098800000001,267.884
110,上饶市,780.3,11.47,43.52288,29175.6,54197.45,39.122,339.41,26851.25,48.0625,39.005,7096149.0,58842.8,988103.0,413.4,20.0,23.815,750064.2,298740.8,737.7815,347.13983999999994,327.8361000000001
111,抚州市,418.156,13.336000000000002,36.67338,20545.6,54440.448,33.866,219.83,29584.75,47.765,36.25750000000001,4743818.8,63517.6,589815.2,213.6,24.0,33.510000000000005,508979.6,207733.6,407.11978,207.2025,193.96542
112,青岛市,795.138,6.65,147.29292,75743.2,76511.364,140.07999999999998,692.98,111224.8,42.50750000000001,53.77499999999999,41127630.6,326948.8,2382124.4,304.0,43.0,75.89500000000002,3425287.25,1992442.4,795.1519999999999,394.478,400.75199999999995
113,济南市,636.066,7.979999999999999,134.28816,33052.4,76925.51999999999,121.24799999999999,779.955,92709.442,37.315,58.09500000000001,37626693.0,133759.4,1273702.8,227.2,30.0,187.145,2401133.6,1392758.2,635.97,315.6482,320.288
114,淄博市,431.32,4.994,84.07082,31893.2,61657.678,80.306,719.21,96128.4,53.575,43.105,20717392.0,99135.4,901451.8,185.6,8.0,55.56,1669717.8,804661.4,431.338,214.75600000000003,216.67400000000004
115,枣庄市,412.61399999999986,10.386,43.883759999999995,20194.2,54483.662000000004,42.29600000000001,886.645,55918.0,52.2575,40.455,8713565.6,19482.6,484884.8,126.6,8.0,33.635,733678.6,427352.6,412.536,216.842,195.744
116,烟台市,653.9359999999998,0.828,102.7241,53438.0,64113.34199999999,100.69200000000001,471.56,98032.8,50.89999999999999,42.2975,28849524.8,223825.6,1194404.2,259.4,26.0,104.115,2311179.8,1101512.6,653.9559999999999,325.992,328.048
117,潍坊市,901.002,7.544,85.97424000000001,39056.8,61677.46,81.238,552.04,59039.8,47.9225,43.21250000000001,24586135.8,167194.0,1631265.2,328.8,38.0,171.735,2080561.6,944842.2,901.034,454.85400000000004,446.246
118,济宁市,875.508,12.595999999999998,85.80462,31691.2,57988.70400000001,76.88600000000001,763.4649999999998,52161.2,46.7375,42.31,20519699.0,76950.4,1229517.2,290.6,19.0,21.105,1875839.8,813202.6,875.4959999999999,451.822,423.62
119,临沂市,1144.048,16.758,90.10544000000002,24811.0,59356.15800000001,82.88199999999998,650.6949999999998,39250.4,44.285,46.8375,23001310.8,51248.2,1332191.6,336.6,7.0,31.305,1312147.4,605701.6,1143.986,592.6479999999998,551.3100000000002
120,聊城市,630.48,16.854000000000006,46.75152,25183.6,54200.02,44.422,686.85,47318.0,50.375,38.21,11606155.8,20488.0,681470.6,205.8,14.0,56.735,816375.2,341868.8,630.3580000000001,324.14,306.1380000000001
121,菏泽市,1010.532,16.384,51.17397999999999,17561.8,50256.172,48.79600000000001,816.655,30488.4,52.16,36.91,15064289.2,27208.8,889966.6,377.6,23.0,13.07,1029356.6,369063.6,1010.562,527.7860000000002,482.684
122,德州市,591.2940000000001,10.532,54.43084,18867.6,53556.848,52.148,564.875,51406.6,48.805,41.115,13663594.0,73139.8,640311.4,189.8,14.0,24.595,1718121.0,370285.8,591.3320000000001,299.878,291.448
123,滨州市,391.754,8.466000000000001,48.9537,12219.4,59159.094000000005,47.426,401.475,63712.8,47.56999999999999,43.24,8823882.4,73383.8,585528.6,166.8,16.0,33.07,1094196.2,410036.0,391.744,197.702,194.06400000000002
124,东营市,192.944,9.894,42.4421,11774.8,73561.942,40.81,230.55,172369.6,63.90500000000001,32.6375,7830615.4,44213.8,503319.6,95.6,20.0,113.15,950668.0,283676.8,192.88,96.264,96.58
125,威海市,255.71,-0.06600000000000003,56.29626,9081.8,57822.196,55.56800000000001,439.665,114754.2,46.3675,46.25,14047698.0,124913.6,733440.4,104.0,15.0,127.15,1244592.6,567745.6,255.562,127.04399999999998,128.476
126,郑州市,856.258,11.142000000000001,198.45536,56971.8,63068.20600000001,180.43200000000002,1173.65,85884.99,47.855,50.24,36398920.8,248416.4,1632847.2,429.2,14.0,71.41499999999998,1553526.0,1766589.8,854.3225,,
127,开封市,557.1279999999998,9.652,48.23758,22409.8,47404.486,41.28,872.665,38367.564,41.48,41.81500000000001,8034305.8,31698.6,514000.2,272.8,9.0,27.285,643531.6,283631.4,556.41,,
128,洛阳市,727.73,8.64,72.85206000000002,54064.0,53226.24000000001,67.22399999999999,467.39,57641.64399999999,47.8425,45.8775,18044070.2,118515.0,934105.4,417.4,6.0,28.54,1325068.0,636994.0,724.6625,,
129,平顶山市,564.8779999999998,9.578,54.32451999999999,21895.4,49890.082,51.68399999999999,709.925,37250.844,50.6725,40.0275,7638708.0,33950.8,556672.0,250.8,8.0,24.83,1052134.0,461794.4,563.5975,,
130,安阳市,621.17,8.346,56.09384,28951.0,47633.154,49.912,835.395,40387.424,49.225,40.545,7493912.6,42486.8,637512.4,304.0,22.0,19.92,718022.2,422854.4,619.7125,,
131,濮阳市,430.70200000000006,8.874,39.68084,15885.4,47735.984000000004,35.632,1018.95,40215.67,54.955,33.7075,5247282.0,22300.8,492347.6,208.8,5.0,14.07,371600.0,305414.0,429.6275,,
132,新乡市,643.388,7.4479999999999995,64.06108,41261.8,45938.114,56.21,731.325,38101.156,50.9425,38.4625,8539095.6,60570.8,687555.6,392.0,10.0,20.275,947992.4,460300.2,640.235,,
133,焦作市,371.856,7.897999999999999,48.6897,27726.8,47738.70200000001,44.742,910.855,59339.002,59.355,33.9925,6909048.6,36926.2,383195.8,214.0,12.0,30.57,614606.4,356000.6,371.57,,
134,许昌市,506.314,5.942,46.14054,30766.6,49198.48,44.174,1007.255,55412.47,59.085,33.7325,7770855.8,42599.6,561719.0,236.2,6.0,21.06,538172.2,278020.0,505.6425,,
135,三门峡市,228.01400000000004,5.3020000000000005,25.10564,8138.0,51438.968,23.87,217.13,60221.002,58.0625,33.0475,4432802.6,26938.0,384796.8,126.2,6.0,61.49,376058.8,232630.4,228.2675,,
136,南阳市,1200.58,5.797999999999999,90.2687,34235.8,48209.21599999999,83.64399999999999,447.095,31017.656000000003,43.98,39.4575,17335775.4,76340.4,1124684.2,511.6,13.0,13.615,996611.8,629849.8,1191.225,,
137,商丘市,974.758,6.7040000000000015,72.24422,26388.0,49148.482,63.86,892.495,27684.140000000007,41.97,38.465,9187161.8,37195.0,790568.6,440.4,11.0,11.43,699588.0,354180.4,968.6975,,
138,信阳市,903.872,7.5379999999999985,60.59662000000001,7866.0,53907.39599999999,57.67999999999999,476.355,32069.2,39.715,37.84,9418628.8,21380.0,945086.8,379.8,9.0,11.44,733032.8,349653.2,901.84,,
139,周口市,1251.45,8.846,68.16380000000001,32289.8,46861.954000000005,65.13,1037.0749999999996,26171.266,47.13,32.44500000000001,10942900.8,30697.4,991039.8,574.8,9.0,5.645,740161.0,383089.4,1249.5625,,
140,驻马店市,945.096,7.1560000000000015,70.79764,11273.0,44879.35,61.45399999999999,613.7950000000002,28927.798,39.92,39.0575,8477558.8,45808.6,856626.0,349.6,14.0,17.32,635570.6,389141.0,940.37,,
141,武汉市,845.7139999999998,6.434,210.5112,103715.4,73263.696,195.108,966.455,112184.25,45.0125,51.86750000000001,56244679.8,917808.6,2175015.8,366.8,123.0,164.185,4562120.0,1989600.4,836.055,,
142,黄石市,269.41400000000004,11.466,31.377779999999994,21542.2,45391.358,46.27200000000001,581.65,54282.75,57.1375,34.805,6556400.0,32694.0,344036.8,128.6,6.0,48.69,597527.2,278905.0,268.495,,
143,十堰市,346.788,6.806,65.91892,33155.2,46290.36,61.038000000000004,146.275,41836.0,48.9225,39.605,7292354.6,38822.0,469710.2,173.0,4.0,34.78,591575.4,267816.0,346.7750000000001,,
144,荆州市,646.138,5.426,41.42866,38111.6,48897.246,35.726,459.235,30300.25,43.6325,34.5575,10601868.4,74773.8,571534.8,227.8,15.0,18.225,1015340.6,330587.2,647.4275,,
145,鄂州市,110.698,8.966000000000001,21.841700000000003,5063.8,42221.318,21.058000000000003,690.655,75518.0,55.9325,32.825,3013055.2,23463.0,158776.0,49.2,2.0,37.19,164483.8,82470.4,110.565,,
146,荆门市,297.278,5.324,39.37382,13978.0,43846.724,37.168,241.57,52397.5,52.3625,33.68,6136044.8,53887.6,311880.2,124.2,8.0,33.685,493539.6,189327.8,298.4525,,
147,孝感市,522.436,5.852,82.41756000000002,23525.6,42242.204000000005,77.91199999999999,590.19,32237.75,48.4575,34.22,8857776.2,83938.6,534879.2,222.6,9.0,17.125,560297.4,242568.2,523.5925,,
148,黄冈市,742.7639999999999,7.630000000000001,70.80149999999998,18386.2,40582.066000000006,69.27600000000001,425.455,26971.75,39.4625,38.102500000000006,9717425.0,75836.8,862437.8,301.0,28.0,25.52,663632.0,222251.6,743.285,,
149,咸宁市,301.982,13.026,22.563180000000006,10894.4,41702.184,34.160000000000004,305.845,44421.5,48.57750000000001,35.04,4517525.4,36493.8,340961.0,145.6,2.0,30.65,367345.2,141565.6,301.23,,
150,长沙市,697.1519999999999,7.011999999999999,125.19118,41832.8,77074.93000000001,116.824,571.855,123075.0,48.925,47.355,40565572.4,273500.8,1598412.2,306.6,16.0,115.96,2154992.6,1312678.6,689.19,388.008,381.218
151,株洲市,401.80400000000003,5.267999999999999,44.41406,20233.0,61498.922,40.69600000000001,354.455,60775.6,53.2875,39.1175,9258819.0,96544.0,503678.2,196.2,16.0,36.365,840151.4,373015.6,401.505,204.944,195.456
152,湘潭市,289.558,3.928,41.6784,21075.6,56403.96799999999,27.604,579.585,65686.8,53.0775,39.355,5731731.2,54318.8,327061.6,169.0,10.0,46.49,580541.2,325770.4,289.6975,144.912,138.918
153,衡阳市,798.154,4.748,52.46464000000001,43627.0,50836.325999999994,47.992,519.6700000000002,37995.2,41.6225,44.2875,11036385.2,27774.6,812889.2,435.4,5.0,24.205,1446738.8,608382.8,797.4425,377.784,349.726
154,邵阳市,824.8739999999999,6.166,37.72166,21673.6,52678.66,32.144,393.655,20793.4,36.37,43.3625,8311438.6,20678.8,767878.8,463.6,9.0,17.755000000000006,705126.4,307064.2,824.0925,380.902,350.06800000000004
155,岳阳市,566.938,6.526000000000002,46.32286000000001,36587.2,50078.225999999995,39.714,379.35,53590.2,48.285,41.13500000000001,11291229.0,52880.6,586714.2,301.2,28.0,22.275,838274.6,373402.4,566.4225,294.438,274.278
156,常德市,607.976,2.13,42.18300000000001,27824.4,54509.66799999999,38.95,321.9600000000001,50272.8,43.44,44.115,10511114.2,41386.8,631594.2,285.4,29.0,25.405,560036.4,300712.6,608.72,296.0060000000001,287.816
157,张家界市,170.61399999999998,2.112,8.749179999999999,5264.8,57319.01,7.75,179.76,32333.0,21.5075,67.3025,1964028.6,5258.6,205436.2,93.6,8.0,12.65,128167.8,102084.4,170.76749999999996,77.87400000000002,74.958
158,益阳市,481.004,3.4839999999999995,26.736620000000002,16155.8,55091.825999999994,22.55,391.32000000000005,33915.0,40.99500000000001,41.6875,6191204.8,25272.8,490233.4,224.0,6.0,23.36,495546.4,216118.6,481.755,226.324,214.476
159,永州市,639.636,5.0200000000000005,32.64028,23506.6,51380.628,29.896000000000004,284.355,28499.0,35.69499999999999,44.1325,5827110.2,31422.4,700509.6,324.0,6.0,23.07,676503.0,293078.4,638.295,283.72799999999995,260.54799999999994
160,郴州市,530.2139999999998,4.1819999999999995,36.02994,35349.8,54325.598,32.394,268.445,45197.6,52.12750000000001,38.475,8946444.6,52307.4,685560.4,287.6,6.0,25.345,720630.8,295810.2,529.0174999999998,245.618,226.688
161,娄底市,450.92,7.504,29.434360000000005,23391.8,50108.032,27.256,550.2049999999998,35281.0,49.36749999999999,37.21,4832524.8,13352.4,440051.4,283.8,4.0,21.005,505794.2,330736.0,449.9,202.97799999999998,186.378
162,怀化市,522.506,4.606,26.331879999999998,42752.4,55104.575999999994,23.688000000000002,187.99,27551.6,38.55,47.5075,5603140.2,28770.0,639704.0,358.0,5.0,31.57,561108.8,297304.4,522.1324999999998,255.646,236.97799999999998
163,广州市,878.518,11.752,329.9521400000001,224317.0,90992.826,314.98,1140.99,142553.6,30.45,68.36,84995351.0,1185734.0,3366507.0,513.8,53.0,245.045,7470691.4,5134894.6,878.43,440.542,437.99000000000007
164,深圳市,392.43800000000005,21.2,464.99126000000007,41790.6,91233.076,451.87800000000004,1720.61,169600.6,41.1975,58.75,55119290.2,3238498.2,4255252.8,354.0,,922.3,11272512.0,10319678.2,403.086,210.176,201.81400000000002
165,珠海市,116.73,10.502,75.29487999999998,11126.6,74702.92599999999,68.696,642.99,138143.8,49.4225,48.51,10067718.8,334424.6,619701.2,72.0,22.0,297.7999999999999,1487284.8,947774.0,116.784,59.08,57.66799999999999
166,汕头市,558.012,8.308,57.15583999999999,17064.6,50964.426,54.211999999999996,2574.625,37804.8,51.3575,43.6225,14986729.2,40500.6,737403.6,298.8,10.0,52.385,1346325.8,771636.0,558.184,280.29200000000003,277.95
167,佛山市,406.314,10.585999999999999,168.76548,22985.0,67535.086,166.828,1019.76,115564.4,59.6075,38.73,29463077.2,363089.6,1293391.6,198.6,55.0,102.67,3347465.2,2362231.4,406.228,200.86,205.40599999999998
168,韶关市,333.06199999999995,11.803999999999998,33.15428000000001,34288.0,61344.268,31.531999999999996,178.995,41217.2,37.0475,50.16,6361316.2,46427.8,481955.0,151.4,15.0,46.935,1018039.0,296934.2,333.03599999999994,172.07599999999996,161.03799999999998
169,河源市,370.142,14.576000000000002,27.6349,9196.4,56909.45400000001,26.78,233.58,28800.6,43.66749999999999,45.1,5339443.2,52094.8,523904.0,187.0,5.0,21.995,323621.5,289141.6,370.084,189.17,180.976
170,梅州市,544.278,12.255999999999998,29.373459999999998,13808.4,59744.66,28.038,338.5499999999999,23341.2,35.35,45.4425,6158714.8,47096.8,706730.4,229.2,12.0,33.995,1250438.0,280391.6,544.3580000000001,279.994,264.454
171,惠州市,363.914,11.0,94.73727999999998,21173.6,65094.162000000004,91.166,310.91,73423.2,54.515,40.7725,12219478.4,218797.6,991322.4,252.2,5.0,44.42,2115529.2,1271194.6,363.94199999999995,183.982,180.028
172,汕尾市,359.81199999999995,13.654000000000002,22.409160000000004,12862.4,53533.912000000004,21.43,738.015,27203.0,45.2275,39.515,5289620.0,35186.2,408062.2,167.6,9.0,8.98,849818.8,200305.8,361.276,188.14,173.108
173,东莞市,206.082,10.330000000000002,237.41478,12034.6,58005.102,236.612,785.345,83834.2,47.3025,52.36500000000001,24382527.0,292353.2,1391656.4,227.0,13.0,520.345,5883112.0,4073035.2,206.062,103.76799999999999,102.28
174,中山市,164.55599999999995,11.474,81.5153,10168.2,63842.998,80.304,883.02,99695.86,52.7275,45.1725,12150101.6,284913.2,677500.4,102.4,25.0,102.865,2016197.4,1460786.8,164.63400000000001,81.304,83.37
175,江门市,394.76199999999994,5.806,59.75532000000001,55262.2,60223.59199999999,56.48,412.62,54327.2,48.40000000000001,43.945,11608270.8,93810.4,677403.8,188.0,1.0,57.475,1351166.5,787902.8,394.81800000000004,198.71200000000002,196.09
176,阳江市,294.904,14.748,23.23068,12602.8,55147.314000000006,21.844,365.405,50390.4,42.1275,41.27,6380205.4,19149.4,312340.8,109.4,9.0,28.7,687975.0,194338.0,294.89599999999996,156.464,138.44799999999998
177,湛江市,832.7919999999999,9.696000000000002,51.87898,21078.2,56681.424000000006,47.88,619.11,35916.0,38.0,43.2225,14358768.8,30416.4,943902.6,309.4,23.0,19.47,1950961.0,402777.6,832.784,443.15199999999993,389.596
178,茂名市,794.448,15.886,46.540279999999996,22789.33333333333,57495.046,43.21,681.825,43801.6,40.2475,43.80499999999999,13293047.4,16155.0,1011427.4,261.6,2.0,17.89,1603049.2,269604.2,794.324,425.11,369.18
179,清远市,428.56199999999995,14.726,32.94404,13859.2,66144.80600000001,31.565999999999995,218.34,35923.2,37.605,47.42,6282547.2,39949.6,622373.8,178.2,9.0,24.83,1280526.0,378647.2,428.52,222.324,206.21
180,潮州市,273.52,10.126,19.4006,8339.8,54495.982,18.958,861.0799999999998,36134.4,52.0225,40.84,4927519.8,16361.6,339595.6,138.8,7.0,23.435,784077.4,331077.4,273.378,138.458,134.91400000000002
181,揭阳市,700.176,13.796,38.49203999999999,9230.4,48421.66,37.538000000000004,1332.21,32376.4,57.2925,34.0225,9618475.2,22210.0,660427.6,287.0,5.0,14.825,1419592.0,230372.0,700.308,359.07,341.2399999999999
182,南宁市,749.9860000000001,7.824000000000002,97.82208,29169.6,69714.45599999999,86.796,330.42,51788.2,37.0425,52.02,19605589.6,65054.0,1024527.2,347.6,21.0,106.13,1139221.6,518668.4,749.9231200000003,391.75026,358.11086
183,柳州市,384.504,9.118,59.82272,27086.2,60628.71799999999,48.426,204.32,64793.4,55.9125,37.06,10539319.0,39862.0,649096.6,156.0,6.0,51.255,975723.6,397170.0,384.51864,198.94588,185.51276
184,桂林市,532.2940000000001,8.704,42.2968,24108.2,59729.502,37.978,189.63,39594.4,42.3425,39.5625,8389890.6,33388.0,684093.2,214.0,25.0,98.25,759640.6,323459.8,532.33908,276.05773999999997,256.27133999999995
185,梧州市,346.444,13.9,19.51406,11421.2,51949.254,17.892000000000003,271.795,36887.2,54.24,33.845,4039527.6,16674.2,450580.0,134.2,6.0,30.97,381705.4,139323.2,346.45403999999996,184.18448,162.35755999999995
186,北海市,173.65200000000002,13.886,14.314860000000001,7195.0,56024.046,12.0,511.385,63478.0,50.725,31.902500000000003,2259307.0,26910.2,263864.0,89.4,7.0,37.43,226475.8,110516.6,173.77179999999996,91.2299,82.61128000000001
187,防城港市,96.762,14.632,9.26208,2964.6,57086.942,7.424000000000001,152.485,71859.2,55.285,32.129999999999995,1127081.2,6997.2,146801.4,45.4,4.0,39.455,146657.2,67716.0,96.7842,52.39807999999999,44.43812
188,钦州市,408.22,10.76,20.53954,9267.5,51570.086,18.965999999999998,331.47,34018.8,41.265,37.8725,3730920.6,16276.8,450803.4,123.6,3.0,79.66499999999998,293927.6,90113.8,408.2786,222.9181,185.3865
189,贵港市,552.8280000000002,13.145999999999995,18.41014,6317.0,55651.325999999994,16.026,515.08,22593.2,40.985,39.8025,4352902.0,7056.6,532114.6,220.4,9.0,15.805,299294.0,101827.8,552.82784,293.61986,259.17998
190,玉林市,718.546,12.628,32.25636,14681.4,53688.71,29.54,553.0,26686.8,41.3425,40.7925,5849394.4,20960.8,776779.4,282.8,11.0,21.31,472617.6,165174.0,718.5296999999998,385.21668,333.37122
191,贺州市,242.178,14.012,10.303720000000002,7668.6,59597.30800000001,9.0,203.37,25402.4,39.8425,38.8475,1633156.6,11184.6,303133.6,104.6,5.0,27.9,184459.6,77300.6,242.06572000000003,127.5577,114.40202000000002
192,百色市,416.23800000000006,9.714,21.84894,7121.2,55310.672,21.428,113.95,30739.8,51.705,31.4175,2487417.6,27737.6,633962.8,172.0,7.0,39.185,375918.25,126124.8,416.14356000000004,216.66464,199.52092
193,河池市,427.288,11.502,18.90898,9669.6,58541.49000000001,16.482,126.19,19476.0,32.1475,45.6075,2733115.8,14181.4,561703.8,192.2,3.0,27.655,334676.0,124600.6,427.25158,222.42574,204.73384
194,来宾市,267.64799999999997,10.38,13.035480000000002,6829.4,56167.554,11.027999999999999,198.485,27850.8,38.0975,37.5175,1632402.2,6536.8,305670.6,80.6,7.0,30.175,185023.0,80596.6,267.73656,140.59982,127.04274
195,海口市,169.22,10.706,50.92388,9653.0,63161.30800000001,49.23,719.96,57284.6,19.0025,76.145,6548753.6,16475.0,313380.0,105.4,9.0,77.47,485485.8,464948.4,169.15272,86.7822,82.37878
196,三亚市,58.876000000000005,11.25,13.17654,3423.2,66731.75,12.448,303.545,64710.4,20.3825,66.375,1973570.6,33978.2,191086.2,46.2,3.0,82.55000000000003,267505.0,203437.4,59.01306,30.067680000000006,28.98312
197,儋州市,96.0375,13.213333333333333,32.00715,1845.0,68096.75,3.66,282.85,30050.66666666667,12.683333333333335,44.69666666666666,805941.0,1565.25,157870.0,49.25,,12.48,122267.0,51500.75,,,
198,重庆市,3386.6079999999997,4.4239999999999995,630.3365000000001,141446.0,68272.86200000001,371.19599999999997,409.545,56001.5,44.045,48.735,70901432.2,526701.6,5777400.2,1141.2,12.0,37.74,11537283.0,4563488.6,3386.5,,1645.0
199,成都市,1349.75,3.78,513.7295200000002,178279.5,74807.07400000001,242.646,1006.0,80589.0,43.505,52.915000000000006,56725564.4,473814.6,2310793.2,560.6,9.0,170.615,6629575.0,3829080.0,1350.23,671.0,679.22
200,自贡市,326.2920000000001,1.0059999999999998,20.88774,23520.6,63443.52800000001,16.46,749.8499999999998,43916.8,55.35,33.565,5510811.2,27994.2,315937.2,137.6,5.0,15.2,476977.2,135222.4,326.1520000000001,166.04,160.2
201,攀枝花市,110.11200000000001,3.9019999999999997,28.16098,14715.8,70265.962,18.614,150.575,83094.0,69.36,27.2675,3124647.2,15538.8,245734.2,53.4,6.0,75.565,435011.6,195233.0,110.25200000000001,56.08,54.08
202,泸州市,508.516,3.7319999999999998,36.00548,15560.6,58771.20200000001,32.760000000000005,414.71,34423.2,57.7625,30.15,6348489.6,32039.8,648006.2,218.8,8.0,25.265,578186.6,231815.2,508.37599999999986,262.88,245.56
203,德阳市,389.898,0.15399999999999994,32.0978,20155.4,67486.01400000001,28.894000000000002,661.91,51360.6,54.59,33.0,6941960.0,25276.6,348180.6,147.4,11.0,42.2,824620.8,327477.4,389.798,198.36,191.38
204,绵阳市,542.4559999999999,2.282,51.29696,31865.8,64552.45,46.18,270.095,39613.4,47.42250000000001,37.7375,9815746.0,98077.8,554900.8,225.0,17.0,34.62,839255.4,323428.4,542.4159999999998,278.42,264.04
205,广元市,304.882,-0.23400000000000004,16.98218,16243.4,62476.628,14.515999999999998,188.565,25642.0,46.5325,37.405,3338076.4,10589.8,373972.6,165.2,32.0,36.59,391963.8,148535.6,304.70200000000006,156.38,148.3
206,遂宁市,374.43,-1.398,23.0843,41381.2,56297.25800000001,17.278,713.235,31100.4,52.6275,32.004999999999995,4664396.4,9769.6,354143.4,162.8,15.0,29.975,888005.4,100515.6,374.45,193.54,180.9
207,内江市,418.686,0.8000000000000002,29.238440000000004,17763.6,47901.14599999999,29.416,785.405,34235.4,55.445,28.8025,4551487.4,14138.8,382991.8,179.0,9.0,13.32,497156.8,130850.2,418.66600000000005,215.42,203.22
208,乐山市,353.49800000000005,0.24250000000000016,26.426680000000005,24070.0,59557.6,24.424,278.92,43147.0,54.3475,34.825,6072343.0,15795.8,389372.8,206.4,1.0,18.965,673898.6,213461.2,353.37800000000004,180.06,173.26
209,南充市,740.6659999999998,0.468,44.94546,31100.2,55072.012,40.728,601.5150000000001,26422.0,46.63,32.295,7913816.2,15855.4,744528.6,497.0,3.0,19.04,794755.8,180078.0,740.7459999999999,386.82000000000005,353.98
210,宜宾市,553.876,3.95,36.3128,29909.8,62293.2,33.461999999999996,416.805,37717.0,55.59,30.7075,7676760.8,27604.4,688398.8,283.0,10.0,22.785,599416.2,238629.2,554.016,287.94,266.06000000000006
211,广安市,466.61800000000005,3.204,22.20376,10859.0,61552.95,14.652,740.1600000000002,33443.8,50.4725,33.82,4548701.2,7725.8,514445.6,273.8,9.0,38.17,339054.4,111135.0,466.57800000000003,244.14,222.5
212,达州市,678.58,3.922,41.06416,17468.8,50767.418,37.641999999999996,413.29,26473.4,44.57749999999999,34.7125,7553714.4,15800.8,718028.6,385.2,13.0,20.375,528426.6,149907.4,678.4800000000001,356.08,322.32
213,资阳市,412.19599999999997,-1.1900000000000002,21.33788,18450.4,54976.788,18.465999999999998,635.21,37771.2,53.28,28.697500000000005,3884932.2,14994.8,338048.4,242.0,7.0,24.78,378241.0,87939.2,412.19599999999997,214.76,197.34
214,眉山市,348.43199999999996,-1.298,19.9442,14541.2,55930.115999999995,24.458,491.615,37006.0,52.352500000000006,32.317499999999995,4311321.8,8761.0,358934.6,193.8,6.0,10.0,374528.0,132620.6,348.33200000000005,177.38000000000005,170.96
215,巴中市,376.324,4.444000000000001,31.1275,15568.6,50750.53400000001,18.652,310.38,16570.6,47.07250000000001,36.395,2823358.0,7071.0,451936.8,214.8,11.0,17.625,210954.8,96004.8,376.42400000000004,196.54,179.94
216,贵阳市,400.338,12.944,105.80434,34995.8,70087.69399999999,93.788,481.73,67747.0,38.3175,57.3875,11557682.2,171249.2,1008523.8,313.0,22.0,134.20499999999998,1327520.6,695853.8,400.4904,202.448,198.112
217,六盘水市,338.54,13.012,23.9539,16753.0,67427.276,20.362,333.54,45073.2,51.095,39.89,3097331.5,43747.2,580974.8,220.4,7.0,13.845,382331.6,160042.2,338.3615,178.24,160.102
218,遵义市,796.8375,10.525,42.942975,22946.33333333333,70065.9925,38.1,256.815,37094.0,44.97,39.76666666666667,6771125.75,53145.75,1115681.0,442.25,23.0,189.01,660400.25,318908.5,800.04952,417.042,382.982
219,安顺市,298.298,14.982000000000001,18.61692,8095.8,64949.71799999999,16.788,316.165,30071.8,33.542500000000004,49.3475,1695975.0,22231.0,433299.6,143.4,4.0,17.7,254678.4,103522.6,298.29478,154.37599999999995,143.91199999999995
220,毕节市,911.0,17.770000000000003,32.56296,14794.8,62677.544,30.216,332.375,24525.4,38.58,40.18250000000001,3356087.4,70787.8,1205923.0,460.2,1.0,8.66,316848.0,205633.8,,,
221,铜仁市,438.82599999999996,7.322,20.56854,16617.0,75611.32800000001,16.706,241.43,27485.0,28.805,47.6225,1821290.0,36769.8,792907.4,254.8,4.0,19.005,226586.2,102393.6,,,
222,昆明市,560.214,5.644,131.29994,52282.2,69032.88,113.402,281.925,65668.2,39.7925,55.5675,23062677.8,154198.0,1071097.0,300.2,40.0,57.475,2250322.8,968250.8,673.28,346.22786,327.05138
223,昭通市,609.3399999999998,13.765999999999998,23.88484,13463.2,63449.446,20.08,265.9,14144.6,44.7325,35.7025,1905993.2,8875.8,859529.2,229.6,,13.355,259868.4,124027.2,548.4,287.98588,260.41463999999996
224,曲靖市,654.47,9.21,47.68362,29186.8,55494.054,41.6125,223.915,29689.0,47.55500000000001,33.739999999999995,5572335.4,22438.6,987767.2,247.2,6.0,20.76,442861.4,263820.4,608.3480000000001,318.86196,289.47806
225,西安市,869.7919999999999,8.276,199.11816,113734.6,70360.13,189.84599999999998,807.81,73114.2,36.6925,59.68000000000001,38436397.6,319840.6,1281241.8,433.8,62.0,95.4,2924025.0,1548520.0,869.7919999999999,,
226,铜川市,82.94800000000002,1.828,11.596960000000001,7861.6,55507.435999999994,9.92,214.935,39052.6,54.345,38.3575,1276920.8,6772.4,190634.2,46.0,8.0,96.725,228377.6,95931.8,82.94800000000002,,
227,宝鸡市,382.268,3.6839999999999997,40.79838,20250.6,53620.765999999996,36.984,211.925,52129.8,63.67,27.545,7268270.75,41031.8,584490.8,204.4,39.0,37.83,639218.0,307542.8,382.268,,
228,咸阳市,502.458,3.928,51.813179999999996,26158.4,49431.134000000005,48.882,517.56,48045.2,57.78,27.9275,6205163.4,20621.0,649902.2,285.2,12.0,23.0,773535.0,393598.6,502.458,,
229,渭南市,555.424,2.2,47.089659999999995,15926.2,51298.477999999996,41.141999999999996,425.775,29115.2,47.74250000000001,37.0075,5781916.2,27367.4,724319.6,327.0,11.0,17.115000000000002,786126.6,313889.6,555.424,,
230,汉中市,383.26199999999994,2.066,30.22836,13987.2,55962.53200000001,26.526,141.04500000000004,34986.2,45.185,37.74,3720323.4,16936.8,566642.8,210.8,4.0,20.86,464380.0,230740.0,383.26199999999994,,
231,安康市,304.8,3.37,18.88042,8823.4,53578.542,17.064,129.845,33257.2,54.7775,33.0525,2604039.8,9793.2,555578.4,194.0,8.0,22.62,250226.6,96654.0,304.8,,
232,商洛市,251.942,4.773999999999999,20.49096,6385.6,46991.108,16.84,130.3,29411.4,52.68250000000001,33.364999999999995,1750401.8,8228.4,398177.2,131.0,8.0,20.535,188980.8,115151.8,251.942,,
233,延安市,235.76,6.1240000000000006,33.2282,10046.4,64955.62,26.76,63.5,58402.0,61.07250000000001,29.6325,2583687.4,22884.0,558195.0,117.2,2.0,44.75,700058.0,201286.8,235.76,,
234,榆林市,380.452,4.688,42.618840000000006,10071.8,65700.50200000001,35.75,86.1,91486.8,63.30750000000001,31.115,4358860.2,50249.4,840259.6,201.8,13.0,32.08,464370.8,239679.0,380.452,,
235,兰州市,334.92,5.43,70.42334000000002,16101.6,68900.878,62.111999999999995,266.185,62652.252,36.9425,60.67,12142349.8,49311.8,705965.4,200.6,22.0,30.79,949980.0,568577.8,334.92,,
236,天水市,369.134,7.8660000000000005,22.91822,14069.8,51529.78,18.85,256.185,17570.6,32.9775,50.55750000000001,2716580.8,11061.6,517629.0,256.0,7.0,21.83,264025.2,110093.6,369.134,,
237,张掖市,130.554,4.946000000000001,12.3285,33721.6,58605.28599999999,10.36,30.97,31423.8,28.065,47.565,1586348.4,7062.6,212829.6,65.4,6.0,99.075,156457.0,76240.6,130.554,,
238,武威市,189.78799999999998,4.322000000000001,13.00042,5776.0,55077.46599999999,12.12,56.995,24008.248,36.0725,39.82,1739652.2,63335.4,236141.4,135.6,1.0,26.66,168429.6,74843.4,189.78799999999998,,
239,定西市,302.454,6.364,15.0483,6418.8,45774.9,14.482000000000001,153.595,11539.6,22.73,54.07000000000001,1161486.0,9168.6,432691.6,251.6,9.0,24.545,189881.4,87685.2,302.454,,
240,庆阳市,268.562,8.26,17.481900000000003,16071.6,61641.314000000006,16.188,98.175,28305.974,52.7175,34.92,2213515.0,12785.4,407443.0,166.8,6.0,26.435,170424.2,82712.6,268.562,,
241,西宁市,203.954,5.954,34.35812,23243.0,66338.61600000001,31.811999999999998,263.66,51792.4,45.48,51.135,5028518.0,18546.4,437797.6,137.2,12.0,76.41499999999998,249084.75,191644.2,204.04856,102.39914,101.64942
242,银川市,188.24599999999998,7.827999999999999,52.67026,29172.0,72011.938,34.906,207.755,75289.6,50.735,45.5425,4978671.8,60156.8,325692.4,78.4,17.0,219.06,880110.8,468432.0,188.24599999999998,110.18936000000001,109.01274
243,固原市,151.014,9.46,6.7816,3465.6,69216.032,6.0520000000000005,116.245,20077.8,27.0175,52.4375,651016.2,6678.8,329010.0,68.0,10.0,38.73,94531.2,61934.0,151.014,62.73468,59.86826
244,乌鲁木齐市,249.34599999999998,4.372,72.02188000000002,33753.2,73310.07800000001,79.084,193.615,75917.0,31.4875,67.4425,12258549.8,93956.0,726372.0,153.4,4.0,86.97,1331813.8,809163.4,249.298,125.72399999999999,
245,大兴安岭地区,,,,,,,,,,,,,,,,,,,45.83512,23.244,22.5707
246,恩施土家族苗族自治州,,,,,,,,,,,,,,,,,,,403.568075,,
247,阿坝藏族羌族自治州,,,,,,,,,,,,,,,,,,,91.48,46.58,44.9
248,凉山彝族自治州,,,,,,,,,,,,,,,,,,,515.06,265.38,249.68
249,黔南布依族苗族自治州,,,,,,,,,,,,,,,,,,,416.24421999999987,238.992,198.80599999999998
250,黔东南苗族侗族自治州,,,,,,,,,,,,,,,,,,,474.86952,231.648,221.67
251,黔西南布依族苗族自治州,,,,,,,,,,,,,,,,,,,357.3924,185.66400000000002,171.73200000000003
252,文山壮族苗族自治州,,,,,,,,,,,,,,,,,,,362.22,189.30376,172.91624
253,楚雄彝族自治州,,,,,,,,,,,,,,,,,,,273.84000000000003,140.18865999999997,133.65134
254,大理白族自治州,,,,,,,,,,,,,,,,,,,356.34599999999995,180.62506,175.71493999999996
255,德宏傣族景颇族自治州,,,,,,,,,,,,,,,,,,,129.24,66.63319999999999,62.6068
256,玉树藏族自治州,,,,,,,,,,,,,,,,,,,40.48468,20.2875,20.19718
257,昌吉回族自治州,,,,,,,,,,,,,,,,,,,140.124,70.77000000000002,
258,喀什地区,,,,,,,,,,,,,,,,,,,455.712,229.868,
259,延边朝鲜族自治州,,,,,,,,,,,,,,,,,,,,105.212,106.586
260,湘西土家族苗族自治州,,,,,,,,,,,,,,,,,,,,136.43800000000002,127.13600000000001
