,number of cases,Population at Year-end (10000 persons),Natural growth rate (‰),"Number of employees at the end of the year (10,000 Persons)",Number of the registered unemployed at the end of year,Average annual salary per urban employee ( Yuan),"Number of average employees on site (10,000 Persons)",Population density (person / square kilometer),Per Capita GDP(yuan),Secondary industry as percentage to GDP,Service Sector as Percentage to GDP,"Total retail sales of social consumer goods (10,000 Yuan)","Government expenditure on Science (10,000 yuan)","Government expenditure on Education (10,000 yuan)",Number of secondary schools,Number of theaters,Collections of public libraries (100 people),Number of employees joining urban basic medical care system,Persons covered of unemployment insurance,"Population (registered residence population) at the end of the year (10,000)","Number of male population (registered residence population) at the end of the year (10,000)","Number of female population (registered residence population) at the end of the year (10,000)",Province,City
0,0,608.0079999999999,9.54,67.6228,31644.066666666666,62658.793333333335,58.36483333333333,257.24666666666667,36500.6,44.026666666666664,41.67,10180335.466666667,61837.46666666667,972797.7999999999,259.0,23.0,30.53,984350.8666666666,452032.80000000005,421.66771428571434,218.5466257142857,203.11905714285714,Yunnan,Lincang
1,0,262.8017142857143,3.6885714285714277,31.98663142857143,28642.0,61967.69571428572,31.211999999999996,53.70928571428571,90488.03571428571,44.19178571428571,44.6075,7879399.171428571,25607.571428571428,522155.0571428571,106.14285714285714,14.142857142857142,72.27857142857144,606709.7142857143,279168.5142857143,262.895,145.18247428571428,135.33666857142856,Inner Mongolia,Wuhai
2,1,81.66199999999999,-2.048,10.0893,8840.8,48290.96,9.762,137.615,27462.0,38.465,47.11,1000963.0,1811.6,83776.8,45.0,3.0,27.7,208099.2,99408.0,81.52199999999998,41.583999999999996,39.971779999999995,Heilongjiang,Qitaihe
3,1,286.42400000000004,13.562,24.40308,10091.2,65480.386,21.344,123.67,74308.75,51.5675,34.3675,4903749.0,41773.8,520682.8,156.4,20.0,169.86,472247.0,293083.4,286.432,149.69,136.57,Fujian,Sanming
4,1,718.8796000000001,7.924266666666667,67.71414266666667,28008.213333333333,49751.920933333335,61.795199999999994,760.757,43912.7884,48.81266666666667,38.58083333333333,11058068.506666664,58388.293333333335,766183.8266666667,340.5066666666666,10.266666666666667,25.26033333333333,796378.3866666667,487342.86666666676,716.3828333333333,,,Henan,Sanmenxia
5,1,192.944,9.894,42.4421,11774.8,73561.942,40.81,230.55,172369.6,63.90500000000001,32.6375,7830615.4,44213.8,503319.6,95.6,20.0,113.15,950668.0,283676.8,192.88,96.264,96.58,Shandong,Dongying
6,1,343.2697777777778,5.015777777777777,43.03754666666666,20061.757407407407,56835.102222222224,40.36022222222222,261.54166666666674,40623.46666666667,46.951388888888886,46.380833333333335,6468323.088888888,31523.911111111112,492354.13333333324,222.77777777777777,13.88888888888889,49.13444444444444,715180.2740740741,399020.77777777775,343.1983333333334,,,Shanxi,Linfen
7,1,262.8017142857143,3.6885714285714277,31.986631428571428,28642.000000000004,61967.69571428572,31.212000000000003,53.70928571428571,90488.03571428571,44.191785714285714,44.6075,7879399.171428572,25607.57142857143,522155.0571428572,106.14285714285714,14.142857142857142,72.27857142857144,606709.7142857143,279168.5142857143,262.895,145.18247428571428,135.33666857142856,Inner Mongolia,Ulanqab
8,1,118.238,-5.254,17.17012,21249.8,36261.094,15.582,37.04,21657.6,20.8725,37.96,1195324.6,3066.4,80321.8,50.4,8.0,70.405,387509.8,125358.8,118.244,58.82000000000001,59.52414000000001,Heilongjiang,Yichun
9,1,108.04450000000001,11.72311111111111,32.03585666666667,4973.733333333334,65996.60266666667,21.77933333333333,435.45166666666665,50681.88888888888,17.35611111111111,62.405555555555544,3109421.733333333,17339.483333333334,220778.7333333333,66.95,6.0,57.50000000000001,291752.60000000003,239962.18333333335,114.08288999999999,58.42494000000001,55.68095,Hainan,Danzhou
10,1,338.54,13.012,23.9539,16753.0,67427.276,20.362,333.54,45073.2,51.095,39.89,3097331.5,43747.2,580974.8,220.4,7.0,13.845,382331.6,160042.2,338.3615,178.24,160.102,Guizhou,Liupanshui
11,1,418.686,0.8000000000000002,29.238440000000004,17763.6,47901.14599999999,29.416,785.405,34235.4,55.445,28.8025,4551487.4,14138.8,382991.8,179.0,9.0,13.32,497156.8,130850.2,418.66600000000005,215.42,203.22,Sichuan,Neijiang
12,1,485.60070588235294,1.633323529411765,58.520343529411775,30673.75882352941,59817.757647058825,38.779294117647055,519.3082352941177,40148.57647058824,52.17161764705883,33.918676470588224,8576830.952941176,48285.23529411765,572844.3647058823,243.87058823529412,10.117647058823529,36.18176470588235,909413.4117647059,390113.71764705883,466.4069473684211,239.67368421052632,226.72842105263157,Sichuan,Liangshan
13,1,223.912,2.146,38.117459999999994,52894.8,64952.38200000001,36.29,80.61500000000002,125332.25,46.4675,50.775,13717690.2,50262.4,502135.4,94.2,17.0,99.08,898551.4,426292.0,223.89,146.4959,138.5521,Inner Mongolia,Baotou
14,1,173.65200000000002,13.886,14.314860000000001,7195.0,56024.046,12.0,511.385,63478.0,50.725,31.902500000000003,2259307.0,26910.2,263864.0,89.4,7.0,37.43,226475.8,110516.6,173.77179999999996,91.2299,82.61128000000001,Guangxi,Beihai
15,1,420.98800000000006,-2.184,38.731359999999995,34894.4,54901.29,38.752,154.02499999999995,55723.5,42.48,48.17,13717451.0,35692.2,572892.6,180.8,4.0,52.435,1230557.6,424280.4,420.98800000000006,211.614,209.43,Jilin,Jilin
16,1,260.04,0.966,37.43714,28127.0,58261.67,36.63,10.385,59238.0,40.9875,41.38500000000001,5946195.4,28748.6,476235.6,138.6,30.0,61.915,711396.4,272695.6,261.05,129.5712,123.2868,Inner Mongolia,Hulunbuir
17,1,453.69022222222225,7.88111111111111,65.13714666666667,29819.155555555557,47159.683999999994,64.19088888888889,489.7033333333333,52238.86111111111,48.833055555555546,37.18916666666667,12548569.933333334,148635.35555555555,641025.7555555556,193.2,21.88888888888889,45.56111111111111,1001762.3555555554,416121.35555555555,447.9445575,,,Hubei,Xianning
18,1,249.34599999999998,4.372,72.02188000000002,33753.2,73310.07800000001,79.084,193.615,75917.0,31.4875,67.4425,12258549.8,93956.0,726372.0,153.4,4.0,86.97,1331813.8,809163.4,281.71133333333336,142.12066666666666,,Xinjiang,Kashgar
19,1,323.502,-1.014,19.09564,13128.2,50347.45200000001,18.33,229.85,35225.5,39.1675,36.6325,5791521.2,6266.0,390072.6,164.2,2.0,20.635,721311.6,215360.8,323.502,163.89600000000004,159.846,Jilin,Siping
20,1,151.014,9.46,6.7816,3465.6,69216.032,6.0520000000000005,116.245,20077.8,27.0175,52.4375,651016.2,6678.8,329010.0,68.0,10.0,38.73,94531.2,61934.0,151.014,62.73468,59.86826,Ningxia,Guyuan
21,1,348.42625,-3.0192499999999995,39.1381875,40459.25,51116.0089375,35.114,109.14874999999998,40350.174999999996,31.950625000000002,41.120625,8171773.524999999,17395.074999999997,405282.94999999995,164.15,18.875,48.475625,737565.0562499999,249634.02500000002,314.91656888888895,158.7984444444444,156.25134888888888,Heilongjiang,Daxing
22,1,333.419975308642,4.862197530864197,43.7283162962963,20239.308230452676,57409.78158024692,41.069580246913574,267.03740740740744,41970.45185185186,46.74293209876543,46.68537037037037,6505565.67654321,33661.65679012347,491260.5703703703,216.44197530864196,12.432098765432098,50.64716049382716,720289.0823045267,404461.77530864195,333.3706481481482,,,Shanxi,Datong
23,1,265.90200000000004,6.198,25.200113333333338,15359.900000000001,56921.60399999999,22.352,143.68416666666667,29250.078999999998,34.9175,47.93375,3593322.033333333,25454.233333333337,418783.3333333333,179.33333333333334,8.5,38.222500000000004,316532.9,166692.2,265.90200000000004,,,Gansu,Tianshui
24,1,394.9106,4.093799999999999,49.58631200000001,23324.58,56740.62480000001,44.971399999999996,272.87949999999995,48900.060000000005,53.7255,35.54225,7398598.135,52372.5,634944.1599999999,215.12000000000003,16.7,41.091499999999996,741929.8400000001,354299.44,394.9106,,,Shaanxi,Ankang
25,1,298.298,14.982000000000001,18.61692,8095.8,64949.71799999999,16.788,316.165,30071.8,33.542500000000004,49.3475,1695975.0,22231.0,433299.6,143.4,4.0,17.7,254678.4,103522.6,298.29478,154.37599999999995,143.91199999999995,Guizhou,Anshun
26,1,175.26,4.168,14.8904,13314.6,56649.91,14.264000000000001,26.91,51886.25,48.6475,31.845,2054762.8,7215.4,272682.6,49.0,5.0,39.155,302911.8,102285.2,175.575,88.46422,79.68177999999997,Inner Mongolia,Bayannur
27,1,304.882,-0.23400000000000004,16.98218,16243.4,62476.628,14.515999999999998,188.565,25642.0,46.5325,37.405,3338076.4,10589.8,373972.6,165.2,32.0,36.59,391963.8,148535.6,304.70200000000006,156.38,148.3,Sichuan,Guangyuan
28,1,403.92166,4.16618,52.65690120000001,24774.698,57056.83308000001,47.76214,287.18295,50464.346000000005,53.6203,35.791225000000004,7878053.9685,56630.42999999999,642880.7359999999,217.23200000000003,17.57,42.938649999999996,791100.1640000001,380063.98400000005,403.92166,,,Shaanxi,"""Yan'an"""
29,1,361.99800000000005,-1.362,42.942935999999996,29299.8,53010.10280000001,41.620799999999996,212.567,52683.45,45.95,41.28600000000001,10272243.015999999,31889.72,503291.68,173.28,9.4,43.73700000000001,964740.8,361260.07999999996,361.99800000000005,169.4946666666667,167.5476666666667,Jilin,Yanbian
30,1,751.6039733333333,8.099084444444445,70.55470951111111,29332.894222222218,49639.45112888889,64.32354666666667,796.9987999999998,42825.57416,48.19601111111111,38.94972222222222,11499752.900444444,60484.97955555557,791609.6284444444,354.7937777777778,10.55111111111111,22.84502222222222,824399.6924444444,504323.69777777785,748.9238555555555,,,Henan,Kaifeng
31,1,170.61399999999998,2.112,8.749179999999999,5264.8,57319.01,7.75,179.76,32333.0,21.5075,67.3025,1964028.6,5258.6,205436.2,93.6,8.0,12.65,128167.8,102084.4,170.76749999999996,77.87400000000002,74.958,Hunan,Zhangjiajie
32,1,248.69666666666672,5.920000000000001,25.580428888888893,15574.91666666667,57820.24133333333,22.935666666666663,124.93402777777779,31196.658833333335,35.240833333333335,47.496458333333344,3739445.572222222,27853.005555555555,402309.05555555556,166.55555555555557,8.75,40.95458333333333,325284.18333333335,176125.30000000002,248.69666666666672,,,Gansu,Zhangye
33,1,608.0079999999999,9.54,67.6228,31644.066666666666,62658.793333333335,58.36483333333332,257.24666666666667,36500.6,44.02666666666667,41.67,10180335.466666669,61837.46666666666,972797.8,259.0,23.0,30.530000000000005,984350.8666666666,452032.8,421.66771428571434,218.5466257142857,203.11905714285712,Yunnan,Dehong
34,1,522.506,4.606,26.331879999999998,42752.4,55104.575999999994,23.688000000000002,187.99,27551.6,38.55,47.5075,5603140.2,28770.0,639704.0,358.0,5.0,31.57,561108.8,297304.4,522.1324999999998,255.646,236.97799999999998,Hunan,Huaihua
35,1,608.0079999999999,9.54,67.6228,31644.06666666667,62658.793333333335,58.36483333333332,257.2466666666666,36500.6,44.026666666666664,41.67,10180335.466666669,61837.46666666666,972797.8,259.0,23.0,30.53,984350.8666666668,452032.8,458.22117857142865,237.53580392857143,220.6830892857143,Yunnan,Nujiang
36,1,470.54669135802465,7.309456790123456,69.8675874074074,31921.90617283951,47766.072888888884,67.52765432098765,510.13203703703704,53107.456790123455,48.86145061728394,37.427962962962965,13440908.214814816,161095.52839506173,674366.2839506172,198.48888888888888,24.098765432098766,47.217901234567904,1072253.150617284,446627.5506172839,462.6160132499999,,,Hubei,Enshi
37,1,734.9198,7.492399999999999,58.206888000000006,39253.765,58297.1872,52.11345,537.2045,43333.311,46.03675,41.881750000000004,13487476.760000002,44369.259999999995,967700.6199999999,281.93999999999994,14.8,26.4745,1009553.1300000001,481002.57999999996,735.2996666666667,,,Hebei,Chengde
38,1,700.176,13.796,38.49203999999999,9230.4,48421.66,37.538000000000004,1332.21,32376.4,57.2925,34.0225,9618475.2,22210.0,660427.6,287.0,5.0,14.825,1419592.0,230372.0,700.308,359.07,341.2399999999999,Guangdong,Jieyang
39,1,608.0079999999999,9.54,67.6228,31644.06666666667,62658.793333333335,58.36483333333333,257.24666666666667,36500.6,44.02666666666667,41.669999999999995,10180335.466666669,61837.46666666667,972797.8000000002,259.0,23.0,30.53,984350.8666666667,452032.8000000001,458.22117857142854,237.53580392857143,220.6830892857143,Yunnan,Wenshan
40,1,249.34599999999998,4.372,72.02188000000002,33753.2,73310.07800000001,79.084,193.615,75917.0,31.4875,67.4425,12258549.8,93956.0,726372.0,153.4,4.0,86.97,1331813.8,809163.4,223.7111111111111,112.87155555555556,,Xinjiang,Changji
41,1,334.7017503429355,4.938663923182442,44.094629218107,16950.34247828075,57258.835533607686,41.42331138545953,271.0315637860083,43074.05761316872,47.512146776406034,45.79680041152264,6545593.862825789,35766.085322359395,489164.7670781893,217.09108367626882,12.813443072702333,53.93906721536351,697814.9803383631,399218.39478737995,334.5390534979424,,,Shanxi,Jinzhong
42,1,608.0079999999999,9.540000000000001,67.6228,31644.06666666667,62658.793333333335,58.36483333333332,257.2466666666666,36500.6,44.02666666666668,41.67,10180335.466666669,61837.46666666666,972797.8,259.0,23.0,30.529999999999998,984350.8666666668,452032.8000000001,468.88797619047614,242.89491992063495,225.99051698412697,Yunnan,"""Pu'er"""
43,1,168.50599999999997,7.99,18.86168,17622.2,51676.848,17.348,318.23,48591.5,54.4575,38.31,2973390.6,24483.0,253506.8,100.0,6.0,58.435,393216.0,134611.8,167.46828,84.9687,80.29690000000002,Jiangxi,Jingdezhen
44,1,338.9,1.164,25.24344,20518.4,48914.587999999996,24.741999999999997,173.02,28128.8,31.4675,45.1125,4372105.6,6750.4,345856.6,166.2,8.0,25.57,564739.8,239329.8,338.98,173.66,165.352,Liaoning,Chaoyang
45,1,608.0079999999999,9.54,67.6228,31644.066666666666,62658.793333333335,58.36483333333333,257.24666666666667,36500.6,44.02666666666668,41.67,10180335.466666669,61837.46666666666,972797.8000000002,259.0,23.0,30.529999999999998,984350.8666666668,452032.80000000005,468.8879761904762,242.89491992063495,225.99051698412694,Yunnan,Chuxiong
46,1,268.38711111111115,6.0823333333333345,27.78908370370371,12550.469444444447,57689.400555555556,25.031611111111108,140.59469907407404,31158.801972222223,36.43680555555555,47.48503472222223,4098295.100925926,31318.073148148153,433888.9648148148,183.4148148148148,9.208333333333334,31.267847222222226,353422.0472222222,192772.75,268.38711111111115,,,Gansu,Wuwei
47,1,265.10200000000003,2.26,49.49288,16406.0,67329.95599999999,42.378,453.42,77635.4,48.8275,45.5975,10778754.0,103546.8,583004.4,121.0,5.0,78.36500000000002,1503832.0,682400.0,265.142,131.20806000000002,133.90061999999998,Zhejiang,Huzhou
48,1,289.558,3.928,41.6784,21075.6,56403.96799999999,27.604,579.585,65686.8,53.0775,39.355,5731731.2,54318.8,327061.6,169.0,10.0,46.49,580541.2,325770.4,289.6975,144.912,138.918,Hunan,Xiangtan
49,1,537.0269230769231,4.822,42.29985076923078,27636.523076923077,55877.72076923078,37.49676923076924,383.27730769230766,47305.092307692306,43.32692307692308,44.23403846153846,10005441.753846154,55651.38461538462,645363.3384615385,286.8,11.384615384615385,32.72730769230769,785662.4923076923,395089.1230769231,536.0721153846154,251.11428571428573,236.0458571428571,Hunan,Xiangxi
50,1,391.754,8.466000000000001,48.9537,12219.4,59159.094000000005,47.426,401.475,63712.8,47.56999999999999,43.24,8823882.4,73383.8,585528.6,166.8,16.0,33.07,1094196.2,410036.0,391.744,197.702,194.06400000000002,Shandong,Binzhou
51,1,273.52,10.126,19.4006,8339.8,54495.982,18.958,861.0799999999998,36134.4,52.0225,40.84,4927519.8,16361.6,339595.6,138.8,7.0,23.435,784077.4,331077.4,273.378,138.458,134.91400000000002,Guangdong,Chaozhou
52,1,,,,,,,,,,,,,,,,,,,,,,Macao,Macao
53,1,764.5690382222222,7.99555674074074,72.04251814518518,29794.43383703703,49788.448804148145,65.8597831111111,791.9543866666664,43122.77483733333,48.64374518518518,38.758703703703695,11730782.70714074,62404.07152592593,810116.9236740741,360.2600296296296,10.65451851851852,22.5490237037037,836457.5652740741,519036.5176296297,761.7581125925925,,,Henan,Puyang
54,1,203.954,5.954,34.35812,23243.0,66338.61600000001,31.811999999999998,263.66,51792.4,45.48,51.135,5028518.0,18546.4,437797.6,137.2,12.0,76.41499999999998,249084.75,191644.2,122.26662,61.343320000000006,60.923300000000005,Qinghai,Yushu
55,1,193.694,-2.582,20.24986,13573.4,43700.972,18.695999999999998,76.515,34474.5,42.385,40.4625,3243537.6,9590.2,288996.6,121.0,4.0,25.76,431635.4,130031.4,193.694,97.62,96.12799999999999,Jilin,Baicheng
56,1,129.748,1.7959999999999998,44.40014,16706.2,44382.456,42.57,318.865,81672.0,51.58750000000001,38.80750000000001,3707372.4,12012.0,184166.2,71.8,3.0,49.105,659538.6,346339.8,129.654,64.72,64.93599999999999,Liaoning,Panjin
57,1,470.5466913580247,7.309456790123457,69.8675874074074,31921.906172839506,47766.072888888884,67.52765432098765,510.13203703703704,53107.45679012346,48.86145061728394,37.427962962962965,13440908.214814812,161095.52839506173,674366.2839506173,198.48888888888888,24.098765432098766,47.2179012345679,1072253.150617284,446627.55061728397,468.520807075,,,Hubei,Jingzhou
58,1,452.9875604938271,7.497802469135801,72.71148014814815,31302.936790123455,47652.95557777777,70.70781975308641,515.2217407407408,55388.1774691358,49.384345679012334,37.71500925925926,13724812.196296299,169727.7012345679,684649.4323456789,195.55777777777777,25.00864197530864,50.11719135802469,1077944.4056790124,458231.58567901235,450.63013778249996,,,Hubei,Jingmen
59,1,203.954,5.954,34.35812,23243.0,66338.61600000001,31.811999999999998,263.66,51792.4,45.48,51.135,5028518.0,18546.4,437797.6,137.2,12.0,76.41499999999998,249084.75,191644.2,204.04856,102.39914,101.64942,Qinghai,Xining
60,1,552.8280000000002,13.145999999999995,18.41014,6317.0,55651.325999999994,16.026,515.08,22593.2,40.985,39.8025,4352902.0,7056.6,532114.6,220.4,9.0,15.805,299294.0,101827.8,552.82784,293.61986,259.17998,Guangxi,Guigang
61,1,242.178,14.012,10.303720000000002,7668.6,59597.30800000001,9.0,203.37,25402.4,39.8425,38.8475,1633156.6,11184.6,303133.6,104.6,5.0,27.9,184459.6,77300.6,242.06572000000003,127.5577,114.40202000000002,Guangxi,Hezhou
62,1,119.52,-2.5620000000000003,12.11612,11905.2,47736.002,11.616,236.185,58165.75,55.4375,36.95,2201803.2,5222.6,170578.6,62.0,2.0,31.895000000000003,333416.0,74945.2,119.52,60.676,58.84,Jilin,Liaoyuan
63,1,468.55851654320986,7.715182716049382,76.04524616296297,33035.4304691358,48033.57873555555,74.06180172839507,542.5869148148147,55687.245216049385,49.08653024691357,38.11851018518519,14483688.935925925,181311.71135802468,721926.3555802468,202.69355555555552,26.709506172839507,51.76041049382716,1136384.8862469136,485121.9642469136,465.84790156074996,,,Hubei,Ezhou
64,1,420.73782600000004,3.9703979999999994,54.59977132,26247.527800000003,56266.954388,49.862353999999996,309.551245,49670.5806,52.875080000000004,36.407097500000006,8407490.625350002,60005.073,651349.3096,227.2352,19.127,42.757515,800204.3804,397941.7024,420.73782600000004,,,Shaanxi,Tongchuan
65,1,96.762,14.632,9.26208,2964.6,57086.942,7.424000000000001,152.485,71859.2,55.285,32.129999999999995,1127081.2,6997.2,146801.4,45.4,4.0,39.455,146657.2,67716.0,96.7842,52.39807999999999,44.43812,Guangxi,Fangchenggang
66,1,294.904,14.748,23.23068,12602.8,55147.314000000006,21.844,365.405,50390.4,42.1275,41.27,6380205.4,19149.4,312340.8,109.4,9.0,28.7,687975.0,194338.0,294.89599999999996,156.464,138.44799999999998,Guangdong,Yangjiang
67,1,103.522,-4.046,18.72024,16656.8,47383.93,12.06,72.61,26185.6,30.925,35.25,1265913.2,3661.8,132103.6,38.6,3.0,40.69,232863.0,83364.8,103.412,51.618,51.72418,Heilongjiang,Hegang
68,1,127.83200000000002,9.922,15.1846,9534.6,60322.834,14.774,356.6,59659.5,58.6475,33.845,1912822.4,38228.6,191501.0,84.0,6.0,34.975,181332.4,84744.2,123.28226000000002,60.23560000000001,55.81796000000001,Jiangxi,Yingtan
69,1,164.3,-2.84,21.585740000000005,9154.4,46090.615,12.702,24.78,28204.6,15.489999999999998,37.5275,1097567.0,7288.4,173036.4,75.6,6.0,20.84,270686.75,47605.2,164.262,82.774,81.28524,Heilongjiang,Heihe
70,1,530.6399166666666,12.759166666666667,40.74160583333333,19033.78888888889,68469.92541666667,35.99333333333333,327.00916666666666,38666.066666666666,39.218333333333334,45.69944444444445,4716581.975000001,66321.79166666667,856218.2666666666,305.675,10.166666666666666,63.73749999999999,528060.8416666667,264392.4166666667,440.81462,229.77285714285716,211.04514285714285,Guizhou,Qianxi
71,2,267.816,5.73,18.54618,9556.6,84847.398,17.363999999999994,153.675,55696.8,45.01750000000001,47.145,5772277.4,65995.6,578751.6,96.6,21.0,66.13,832914.6,228582.2,267.908,137.87921999999998,130.02781999999996,Zhejiang,Lishui
72,2,335.0428337143728,4.864737692424935,45.08186802011889,17543.869420311945,57386.13014845299,42.54056820606614,278.7606264288981,43933.44179240969,47.74349641822893,45.87311156835848,6640261.092028653,37500.40591373267,489965.76342021034,215.94564852918762,12.792714525224815,55.480630239292786,706767.0892648478,407919.6164304222,334.927837219936,,,Shanxi,Lüliang
73,2,786.8268407703704,7.9369938567901235,74.1999633548642,30721.70275950617,49925.27979109136,67.87496865185183,776.8213457777778,43316.58182648888,48.22299486419753,39.09545061728395,12163016.08761679,65077.62296098766,831301.5452523456,370.35736493827153,11.031486419753087,23.11429195061728,867448.0696256789,533278.0188049383,783.9001534320988,,,Henan,Shangqiu
74,2,454.5168086,4.184637799999999,58.900052452,28086.12058,56342.90622680001,53.8565894,319.01286949999997,50732.37866,52.728088,36.21205725,9120547.607885,65328.340299999996,697420.82056,245.35872,20.2397,37.3607665,857387.05844,428142.69264,454.5168086,,,Shaanxi,Shangluo
75,2,255.71,-0.06600000000000003,56.29626,9081.8,57822.196,55.56800000000001,439.665,114754.2,46.3675,46.25,14047698.0,124913.6,733440.4,104.0,15.0,127.15,1244592.6,567745.6,255.562,127.04399999999998,128.476,Shandong,Weihai
76,2,504.34456819753086,7.59010098765432,81.46560077925928,35832.59351604938,48614.804809111105,79.36218190123456,527.7801062962963,53704.169737654316,48.40193327160493,38.647861203703705,15630752.309518516,197096.58249382715,778241.3911382715,218.0429111111111,29.180456790123458,53.21745154320987,1233574.9948716052,525387.120671605,501.376191716825,,,Hubei,Xiaogan
77,2,281.486962962963,6.3757222222222225,30.25386098765433,13679.547685185187,58124.722981481485,27.183546296296296,154.5279822530864,32350.560967592595,36.49752314814815,48.762540509259274,4491402.251080248,25981.852006172838,466846.89228395064,191.38395061728394,10.57638888888889,32.035821759259264,384254.1217592593,212427.6416666667,281.486962962963,,,Gansu,Dingxi
78,2,600.318,11.776000000000002,45.0597,26700.6,50136.96400000001,42.298,319.42,32172.25,48.94,36.7775,5855514.8,124708.6,845132.8,246.2,40.0,27.25,887833.0,264089.0,581.45782,285.4098800000001,267.884,Jiangxi,Yichun
79,2,607.976,2.13,42.18300000000001,27824.4,54509.66799999999,38.95,321.9600000000001,50272.8,43.44,44.115,10511114.2,41386.8,631594.2,285.4,29.0,25.405,560036.4,300712.6,608.72,296.0060000000001,287.816,Hunan,Changde
80,2,770.2507800000001,7.847239999999999,61.17208680000001,41114.2615,58669.691119999996,54.74359499999999,581.2679499999999,43663.6621,46.168425,42.260425000000005,14292205.275999999,46743.445999999996,1004017.3019999999,297.87399999999997,13.38,26.72695,1054574.1930000002,506388.41800000006,770.6279666666667,,,Hebei,Langfang
81,2,363.914,11.0,94.73727999999998,21173.6,65094.162000000004,91.166,310.91,73423.2,54.515,40.7725,12219478.4,218797.6,991322.4,252.2,5.0,44.42,2115529.2,1271194.6,363.94199999999995,183.982,180.028,Guangdong,Huizhou
82,2,418.156,13.336000000000002,36.67338,20545.6,54440.448,33.866,219.83,29584.75,47.765,36.25750000000001,4743818.8,63517.6,589815.2,213.6,24.0,33.510000000000005,508979.6,207733.6,407.11978,207.2025,193.96542,Jiangxi,Fuzhou
83,2,213.632,-3.642,25.68336,23991.2,53730.45400000001,25.376,192.235,51681.2,52.09,41.075,6376771.4,10514.8,184520.4,104.6,9.0,49.01000000000001,1089177.2,489126.0,213.54399999999995,106.28,107.246,Liaoning,Fushun
84,2,110.11200000000001,3.9019999999999997,28.16098,14715.8,70265.962,18.614,150.575,83094.0,69.36,27.2675,3124647.2,15538.8,245734.2,53.4,6.0,75.565,435011.6,195233.0,110.25200000000001,56.08,54.08,Sichuan,Panzhihua
85,2,774.2980968217284,8.019193447242799,74.33034624518847,31010.61627680658,49977.06631049745,68.14263322864196,769.1097688296296,44358.74461492148,48.639861188477376,39.13748065843621,12361406.373457909,66936.46449172018,834017.0749358353,365.6878559341564,11.033585514403292,23.893244747325102,878638.7409340575,545217.8600586009,771.580330327572,,,Henan,Xinxiang
86,2,123.364,9.395999999999997,13.57102,13412.2,56670.16,12.912,387.505,83605.25,53.81,40.3225,2377507.8,24408.2,206684.6,39.6,2.0,52.615,291559.0,111225.8,121.3126,60.79968,56.573040000000006,Jiangxi,Xinyu
87,2,328.8213707937476,4.816819658249928,46.15586891124321,18177.993800346605,57358.16816494777,43.63418689562905,289.39125158766456,45474.268658233,46.48499602025437,47.018457298176095,6891727.8355873935,39769.93990414741,475535.737133567,207.7173872546529,13.325238361360904,58.43958915476977,736831.2325164976,417592.351589358,328.77593024437334,,,Shanxi,Jincheng
88,2,267.64799999999997,10.38,13.035480000000002,6829.4,56167.554,11.027999999999999,198.485,27850.8,38.0975,37.5175,1632402.2,6536.8,305670.6,80.6,7.0,30.175,185023.0,80596.6,267.73656,140.59982,127.04274,Guangxi,Laibin
89,2,412.61399999999986,10.386,43.883759999999995,20194.2,54483.662000000004,42.29600000000001,886.645,55918.0,52.2575,40.455,8713565.6,19482.6,484884.8,126.6,8.0,33.635,733678.6,427352.6,412.536,216.842,195.744,Shandong,Zaozhuang
90,2,401.80400000000003,5.267999999999999,44.41406,20233.0,61498.922,40.69600000000001,354.455,60775.6,53.2875,39.1175,9258819.0,96544.0,503678.2,196.2,16.0,36.365,840151.4,373015.6,401.505,204.944,195.456,Hunan,Zhuzhou
91,2,530.6399166666667,12.759166666666669,40.741605833333324,19033.788888888892,68469.92541666667,35.99333333333333,327.0091666666667,38666.066666666666,39.21833333333334,45.699444444444445,4716581.975,66321.79166666667,856218.2666666666,305.675,10.166666666666666,63.7375,528060.8416666667,264392.4166666667,452.73207999999994,236.0741224489796,216.66130612244896,Guizhou,Bijie
92,2,161.642,4.538,10.836319999999999,6905.4,56797.70200000001,10.21,193.54,41048.6,44.835,42.8575,2201289.8,18519.6,199003.6,99.0,7.0,26.875,143950.6,76569.2,161.76000000000005,82.75399999999999,79.08800000000001,Anhui,Chizhou
93,2,800.5852580000001,7.5651639999999984,61.85910348000001,44224.48765,57003.91023200001,56.1857045,567.990245,42263.40831,46.45276750000001,41.6049675,14836351.6236,46010.8106,1022074.4321999997,309.52139999999997,14.118,24.486645,1089304.3523000001,527526.0998,801.6397633333333,,,Hebei,Cangzhou
94,2,370.142,14.576000000000002,27.6349,9196.4,56909.45400000001,26.78,233.58,28800.6,43.66749999999999,45.1,5339443.2,52094.8,523904.0,187.0,5.0,21.995,323621.5,289141.6,370.084,189.17,180.976,Guangdong,Heyuan
95,2,169.22,10.706,50.92388,9653.0,63161.30800000001,49.23,719.96,57284.6,19.0025,76.145,6548753.6,16475.0,313380.0,105.4,9.0,77.47,485485.8,464948.4,169.15272,86.7822,82.37878,Hainan,Haikou
96,2,216.76,11.314,22.78546,19665.8,57895.59199999999,22.098000000000003,788.5799999999998,38486.0,58.1675,34.39,2993199.4,13228.4,241263.0,124.2,5.0,40.725,552935.6,255204.8,216.72200000000004,111.192,105.436,Anhui,Huaibei
97,2,832.7919999999999,9.696000000000002,51.87898,21078.2,56681.424000000006,47.88,619.11,35916.0,38.0,43.2225,14358768.8,30416.4,943902.6,309.4,23.0,19.47,1950961.0,402777.6,832.784,443.15199999999993,389.596,Guangdong,Zhanjiang
98,2,653.9359999999998,0.828,102.7241,53438.0,64113.34199999999,100.69200000000001,471.56,98032.8,50.89999999999999,42.2975,28849524.8,223825.6,1194404.2,259.4,26.0,104.115,2311179.8,1101512.6,653.9559999999999,325.992,328.048,Shandong,Yantai
99,2,116.73,10.502,75.29487999999998,11126.6,74702.92599999999,68.696,642.99,138143.8,49.4225,48.51,10067718.8,334424.6,619701.2,72.0,22.0,297.7999999999999,1487284.8,947774.0,116.784,59.08,57.66799999999999,Guangdong,Zhuhai
100,2,539.3399999999998,-3.688,26.11644,20316.0,43393.736,23.924,158.03,23895.4,26.1425,35.41,5650373.6,8841.0,557965.6,256.8,13.0,21.5,512528.25,134700.4,539.3919999999999,275.762,263.71326,Heilongjiang,Suihua
101,2,630.48,16.854000000000006,46.75152,25183.6,54200.02,44.422,686.85,47318.0,50.375,38.21,11606155.8,20488.0,681470.6,205.8,14.0,56.735,816375.2,341868.8,630.3580000000001,324.14,306.1380000000001,Shandong,Liaocheng
102,2,177.972,-1.944,17.065340000000006,14904.2,55993.888,17.028,376.8,46964.2,50.99500000000001,40.66,3315450.4,9480.0,180822.0,78.4,9.0,48.58,647965.8,227839.6,177.958,89.66,88.21799999999999,Liaoning,Liaoyang
103,2,317.954,1.2040000000000002,27.6596,17673.0,57060.128,27.35,49.69,56125.0,45.9175,38.38,5069688.4,14738.6,506107.2,137.6,5.0,31.8,497261.6,182221.4,318.4425,158.57786000000004,154.05213999999998,Inner Mongolia,Tongliao
104,2,374.43,-1.398,23.0843,41381.2,56297.25800000001,17.278,713.235,31100.4,52.6275,32.004999999999995,4664396.4,9769.6,354143.4,162.8,15.0,29.975,888005.4,100515.6,374.45,193.54,180.9,Sichuan,Suining
105,2,824.8739999999999,6.166,37.72166,21673.6,52678.66,32.144,393.655,20793.4,36.37,43.3625,8311438.6,20678.8,767878.8,463.6,9.0,17.755000000000006,705126.4,307064.2,824.0925,380.902,350.06800000000004,Hunan,Shaoyang
106,2,159.064,9.547999999999998,31.53122,21281.6,76795.44,29.738000000000003,18.04,201072.25,55.7325,41.6775,6953844.4,27999.2,586922.0,67.8,15.0,142.92000000000004,433496.8,212849.6,158.32999999999996,115.24799999999999,90.4,Inner Mongolia,Ordos
107,2,297.6760000000001,-5.6160000000000005,22.76504,19568.4,45389.124,22.18,231.825,25725.2,34.4625,40.96250000000001,4252859.0,12605.2,290208.4,122.8,7.0,22.54,536405.4,255568.2,297.53599999999994,150.46,146.32000000000005,Liaoning,Tieling
108,2,132.12,4.31,17.04484,9566.0,62602.91,16.05,615.235,71999.8,62.69,33.2725,2950854.2,75831.6,207048.8,68.0,7.0,98.9,419933.0,176680.6,132.096,77.596,73.792,Anhui,Tongling
109,2,340.9050786597195,5.031355175833253,47.249423234714676,19544.01533371845,57161.70173883085,44.69554099514339,295.7325017640717,45137.765175814435,45.5349955780604,47.728285886862324,7223254.595097103,42405.133226830454,490074.3523706299,213.28598583850322,13.361375957067672,62.673432394188616,768537.947240553,430156.14621039777,340.8804780493037,,,Shanxi,Changzhi
110,2,485.6007058823529,1.6333235294117647,58.520343529411775,30673.75882352941,59817.75764705881,38.779294117647055,519.3082352941177,40148.57647058824,52.17161764705883,33.918676470588224,8576830.952941176,48285.23529411764,572844.3647058824,243.87058823529412,10.117647058823529,36.18176470588235,909413.4117647058,390113.71764705883,463.8462603878116,238.32072022160665,225.52044321329637,Sichuan,Aba
111,2,277.99245679012347,6.377675925925927,32.788121152263386,14889.672299382719,60183.02681172839,29.300470679012346,154.6834792952675,35819.05446219136,38.79211033950617,47.877963927469146,5046388.292926955,28784.060673868313,472539.4409979424,181.34794238683128,10.839120370370372,33.284292052469134,416649.5753858024,233218.04861111112,277.99245679012347,,,Gansu,Longnan
112,2,345.25,-1.926,48.83964,31391.2,47997.685999999994,47.002,375.04,54223.0,43.7175,50.355,9513605.0,20849.6,332286.6,162.2,11.0,74.16499999999998,1057511.2,563252.2,345.20599999999996,173.55999999999997,171.572,Liaoning,Anshan
113,2,333.06199999999995,11.803999999999998,33.15428000000001,34288.0,61344.268,31.531999999999996,178.995,41217.2,37.0475,50.16,6361316.2,46427.8,481955.0,151.4,15.0,46.935,1018039.0,296934.2,333.03599999999994,172.07599999999996,161.03799999999998,Guangdong,Shaoguan
114,2,783.0254366098436,8.057273010392318,75.01496399486771,30327.204028593686,50246.329797863946,68.93814211055142,771.6287534182716,44775.91718924957,48.48635193437586,39.18247936899863,12616227.091688434,67360.84212450152,843781.173264891,363.9337129964334,11.10249121536351,24.13446106381344,874015.1636629947,550879.037395841,780.3366856827435,,,Henan,Zhumadian
115,2,148.078,3.8819999999999997,11.53384,5565.2,61433.988,10.552,151.76,42167.0,39.9575,50.2125,3147817.4,45014.0,172262.8,118.4,14.0,60.065,240581.4,99902.6,148.086,75.85600000000002,72.312,Anhui,Huangshan
116,3,58.876000000000005,11.25,13.17654,3423.2,66731.75,12.448,303.545,64710.4,20.3825,66.375,1973570.6,33978.2,191086.2,46.2,3.0,82.55000000000003,267505.0,203437.4,59.01306,30.067680000000006,28.98312,Hainan,Sanya
117,3,249.34599999999998,4.372,72.02188000000002,33753.2,73310.07800000001,79.084,193.615,75917.0,31.4875,67.4425,12258549.800000003,93956.0,726372.0,153.4,4.0,86.96999999999998,1331813.8,809163.4,251.57348148148148,126.9054074074074,,Xinjiang,Ürümqi
118,3,502.5354250172839,7.763911086419752,81.37040485718519,37063.292867654316,49252.064890022215,79.50720009135803,521.5391169259259,55850.811711419745,48.39637659876543,39.090647324074084,16308049.920470368,208412.38074320988,802577.6102520986,217.58720222222223,31.198502469135803,56.82669669753086,1300902.7543587654,553669.0127387655,499.1545608885075,,,Hubei,Shiyan
119,3,772.2207323838333,8.117357877751806,75.2961189278589,31597.484297166597,50604.12845105488,69.43708491792152,782.1510036461564,45832.45846853288,49.05744206333426,39.190811326931865,12892138.31113433,68797.65826613495,842924.8514825504,364.88929386286236,10.909323963054412,24.58875846806767,889911.4679071944,561661.5732222304,769.6677980615931,,,Henan,Zhoukou
120,3,802.9685838,7.2896804,63.11447582800001,46344.176415,56668.43665520001,57.359874950000005,569.8417694999999,41852.429141,46.24504425,41.51771425,15094009.58596,46597.85165999999,1016655.9154199999,308.6535399999999,15.0298,25.2143095,1121780.04753,543379.72978,804.3784063333334,,,Hebei,Tangshan
121,3,277.99245679012347,6.377675925925927,32.78812115226338,14889.672299382719,60183.02681172841,29.300470679012342,154.6834792952675,35819.05446219136,38.79211033950617,47.877963927469146,5046388.292926954,28784.060673868316,472539.4409979424,181.34794238683125,10.839120370370372,33.284292052469134,416649.5753858024,233218.04861111115,277.99245679012347,,,Gansu,Qingyang
122,3,807.64224218,7.583048440000001,60.9079074108,45338.8940565,56178.99832072,55.521862445,570.8519464499999,37819.392055100005,45.29854867499999,42.110985675,14236040.444555998,43421.73682599999,992744.8469619999,306.47889399999997,14.23278,24.636740449999998,1061499.892283,513049.28275800013,809.2109136333333,,,Hebei,Zhangjiakou
123,3,341.1823096219106,5.095505750925837,47.70276803857186,20170.705926353832,57559.13015425649,45.0668233279371,301.558335293413,45670.51686201603,44.634161753400456,48.37920654095814,7394646.105663449,44783.28136314495,492912.19152292213,213.58442870944802,13.734862174519634,64.0299248824318,778881.3413783922,431987.9624559975,341.17136449922634,,,Shanxi,Shuozhou
124,3,346.444,13.9,19.51406,11421.2,51949.254,17.892000000000003,271.795,36887.2,54.24,33.845,4039527.6,16674.2,450580.0,134.2,6.0,30.97,381705.4,139323.2,346.45403999999996,184.18448,162.35755999999995,Guangxi,Wuzhou
125,3,875.508,12.595999999999998,85.80462,31691.2,57988.70400000001,76.88600000000001,763.4649999999998,52161.2,46.7375,42.31,20519699.0,76950.4,1229517.2,290.6,19.0,21.105,1875839.8,813202.6,875.4959999999999,451.822,423.62,Shandong,Jining
126,3,431.32,4.994,84.07082,31893.2,61657.678,80.306,719.21,96128.4,53.575,43.105,20717392.0,99135.4,901451.8,185.6,8.0,55.56,1669717.8,804661.4,431.338,214.75600000000003,216.67400000000004,Shandong,Zibo
127,3,901.002,7.544,85.97424000000001,39056.8,61677.46,81.238,552.04,59039.8,47.9225,43.21250000000001,24586135.8,167194.0,1631265.2,328.8,38.0,171.735,2080561.6,944842.2,901.034,454.85400000000004,446.246,Shandong,Weifang
128,3,97.17200000000001,-0.8380000000000001,35.06118,9118.4,83081.45,17.0875,668.3499999999998,101738.8,39.1625,50.55,4584061.4,55591.2,295397.0,41.8,9.0,158.455,510594.4,219627.2,97.182,48.013020000000004,49.23271999999999,Zhejiang,Zhoushan
129,3,1010.532,16.384,51.17397999999999,17561.8,50256.172,48.79600000000001,816.655,30488.4,52.16,36.91,15064289.2,27208.8,889966.6,377.6,23.0,13.07,1029356.6,369063.6,1010.562,527.7860000000002,482.684,Shandong,Heze
130,3,199.308,10.526,19.46796,16132.2,55388.2,18.32,517.125,49659.25,54.2925,39.40000000000001,3343349.4,46541.4,300950.8,106.2,11.0,50.16,505740.6,155486.8,196.47104,96.62628000000001,94.64296,Jiangxi,Pingxiang
131,3,232.384,0.19399999999999995,25.0961,17816.2,48522.14,25.432,444.765,55980.8,45.8625,46.215,5044082.6,6392.4,225766.6,100.6,11.0,58.675,825598.8,237782.8,232.43,117.54,114.838,Liaoning,Yingkou
132,3,968.166,13.992,56.36502,32176.4,55578.10400000001,53.26000000000001,243.02,25761.5,43.5075,42.1,7834650.8,135450.4,1405372.6,467.4,26.0,35.23000000000001,949138.6,363262.2,923.42972,438.28534,420.84222,Jiangxi,Ganzhou
133,3,678.58,3.922,41.06416,17468.8,50767.418,37.641999999999996,413.29,26473.4,44.57749999999999,34.7125,7553714.4,15800.8,718028.6,385.2,13.0,20.375,528426.6,149907.4,678.4800000000001,356.08,322.32,Sichuan,Dazhou
134,3,597.0013846153846,3.8559999999999994,116.61156769230769,27651.29230769231,69281.40953846154,105.27661538461538,765.4519230769231,93806.40384615384,46.386923076923075,47.06153846153846,21987606.076923076,287742.04615384614,1209370.2153846154,207.2769230769231,20.076923076923077,81.30653846153847,2081498.8307692308,1221274.923076923,596.9990769230768,,294.92396769230766,Jiangsu,Lianyungang
135,3,841.6542663980001,8.152153283999999,63.45789215188002,46143.94346215,56315.60695279201,57.7942486895,615.2106410949999,38373.29126061,45.985153542499994,41.8785842425,14977422.569011599,45785.75050859999,1022842.7316581998,320.72678339999993,15.356058,24.057414494999996,1088925.7565113,525357.2310338002,843.2116716633333,,,Hebei,Xingtai
136,3,530.2139999999998,4.1819999999999995,36.02994,35349.8,54325.598,32.394,268.445,45197.6,52.12750000000001,38.475,8946444.6,52307.4,685560.4,287.6,6.0,25.345,720630.8,295810.2,529.0174999999998,245.618,226.688,Hunan,Chenzhou
137,3,476.30276190476195,12.043333333333335,41.9099838095238,19639.358730158732,69297.40847619048,36.818666666666665,326.2426190476191,40686.1619047619,39.30952380952381,46.48757936507936,4910938.342857144,65683.79047619048,806260.4476190476,283.6,11.476190476190476,71.60571428571428,558234.1047619048,272786.50476190477,452.73208,236.07412244897958,216.66130612244896,Guizhou,Tongren
138,3,188.09400000000002,-3.736,17.3449,18624.6,49514.562000000005,16.18,183.49,26954.8,34.4125,43.78,2817289.6,3238.0,215487.8,94.6,3.0,25.165,624811.2,197361.2,188.134,93.42,94.712,Liaoning,Fuxin
139,3,228.54,4.032,23.7012,21355.25,67635.628,22.51,563.385,68826.0,56.9975,37.5675,4764224.4,93227.0,321443.2,104.6,4.0,50.3,593409.2,256911.2,228.632,117.884,110.928,Anhui,"""Ma'anshan"""
140,3,481.65658503401363,12.717809523809525,44.95876149659863,20071.12426303855,68395.41997278911,39.69190476190476,338.3587074829932,42572.042176870746,40.81017006802722,46.325447845804995,5352316.677551021,69814.36054421769,808168.02585034,287.7142857142857,12.544217687074829,79.12010204081632,605612.3768707485,297128.34829931974,452.73208,236.07412244897958,216.661306122449,Guizhou,Qiandongnan
141,3,481.65658503401363,12.717809523809525,44.95876149659863,20071.12426303855,68395.41997278911,39.69190476190476,338.35870748299317,42572.042176870746,40.81017006802722,46.32544784580499,5352316.67755102,69814.36054421769,808168.02585034,287.7142857142857,12.544217687074829,79.12010204081632,605612.3768707484,297128.34829931974,450.2723644444444,236.56591383219953,216.10478458049886,Guizhou,Qiannan
142,4,780.3,11.47,43.52288,29175.6,54197.45,39.122,339.41,26851.25,48.0625,39.005,7096149.0,58842.8,988103.0,413.4,20.0,23.815,750064.2,298740.8,737.7815,347.13983999999994,327.8361000000001,Jiangxi,Shangrao
143,4,319.812,7.431999999999999,24.79508,18741.2,60015.575999999994,21.372,121.615,54936.25,43.1725,36.335,5605738.8,24899.8,463777.6,163.8,8.0,64.835,454552.4,319454.4,319.778,165.072,154.762,Fujian,Nanping
144,4,740.2721145427554,8.068781736268594,75.77160685638282,31551.32991697771,50853.60674779187,69.72422391244963,765.1560705559001,47143.20463310175,49.185938200889865,39.64053208206065,13022087.478543285,71337.67548387728,833050.5215813871,350.89524678705317,11.03661222725804,25.851675699272178,899894.8324343407,573566.384770379,737.674817932366,,,Henan,Nanyang
145,4,274.69599999999997,-2.568,51.34332000000001,40367.4,74261.65400000001,49.988,129.83499999999998,110327.4,62.6075,31.0075,11097332.2,7517.6,410146.6,145.8,21.0,92.48,588916.25,180396.4,276.156,138.358,138.95966,Heilongjiang,Daqing
146,4,450.92,7.504,29.434360000000005,23391.8,50108.032,27.256,550.2049999999998,35281.0,49.36749999999999,37.21,4832524.8,13352.4,440051.4,283.8,4.0,21.005,505794.2,330736.0,449.9,202.97799999999998,186.378,Hunan,Loudi
147,4,474.77428946,4.125701579999999,62.7409616972,30256.172638,57278.086049480014,57.55824834,337.88415645,52864.476526,52.7326468,36.49676297500001,9857562.1886735,71038.33433000001,727345.182616,256.794592,21.46367,39.04334315,924227.6842840001,459441.78190400003,474.77428946,,,Shaanxi,Baoji
148,4,466.61800000000005,3.204,22.20376,10859.0,61552.95,14.652,740.1600000000002,33443.8,50.4725,33.82,4548701.2,7725.8,514445.6,273.8,9.0,38.17,339054.4,111135.0,466.57800000000003,244.14,222.5,Sichuan,"""Guang'an"""
149,4,602.0313372781065,3.5110769230769225,121.94619136094676,28810.514792899412,69755.91611834319,110.12020118343194,770.920147928994,97041.28106508877,46.54399408284023,47.3783875739645,22961569.49822485,302209.2958579882,1245079.4627218936,209.71360946745563,20.698224852071007,83.81704142011834,2176374.725443787,1284644.024852071,602.023621301775,,298.05981136094675,Jiangsu,Xuzhou
150,4,591.2940000000001,10.532,54.43084,18867.6,53556.848,52.148,564.875,51406.6,48.805,41.115,13663594.0,73139.8,640311.4,189.8,14.0,24.595,1718121.0,370285.8,591.3320000000001,299.878,291.448,Shandong,Dezhou
151,4,544.278,12.255999999999998,29.373459999999998,13808.4,59744.66,28.038,338.5499999999999,23341.2,35.35,45.4425,6158714.8,47096.8,706730.4,229.2,12.0,33.995,1250438.0,280391.6,544.3580000000001,279.994,264.454,Guangdong,Meizhou
152,4,359.81199999999995,13.654000000000002,22.409160000000004,12862.4,53533.912000000004,21.43,738.015,27203.0,45.2275,39.515,5289620.0,35186.2,408062.2,167.6,9.0,8.98,849818.8,200305.8,361.276,188.14,173.108,Guangdong,Shanwei
153,4,427.288,11.502,18.90898,9669.6,58541.49000000001,16.482,126.19,19476.0,32.1475,45.6075,2733115.8,14181.4,561703.8,192.2,3.0,27.655,334676.0,124600.6,427.25158,222.42574,204.73384,Guangxi,Hechi
154,4,568.6922093764224,3.0119289940828398,123.67099531178881,28627.354392353212,70557.2801274465,111.77298588984978,763.1216977696859,99449.72576240328,46.769878243058706,47.41018661811562,22711542.90578061,309388.5032316796,1218700.6213928084,199.98388711879838,21.598088302230316,87.94565999089667,2201650.088939463,1315343.5652253071,568.6874383249885,,282.57692915794263,Jiangsu,Taizhou
155,4,428.56199999999995,14.726,32.94404,13859.2,66144.80600000001,31.565999999999995,218.34,35923.2,37.605,47.42,6282547.2,39949.6,622373.8,178.2,9.0,24.83,1280526.0,378647.2,428.52,222.324,206.21,Guangdong,Qingyuan
156,4,484.02491840600004,4.169871737999999,64.93521986692,31256.7299018,57643.818054428,59.615673173999994,350.48007209499997,52937.9441786,51.638911480000004,37.39193927250001,10116491.332540851,74038.987763,741630.6208776,262.0340512,19.710037,39.164677465,952728.6527124001,474631.6800944001,484.02491840600004,,,Shaanxi,Weinan
157,4,452.132,7.0459999999999985,25.27636,14702.8,61887.88000000001,24.874,332.4249999999999,36402.6,52.0425,32.2825,5184000.8,80221.0,559308.6,270.8,15.0,18.655,560316.0,226283.6,452.132,234.76,217.39,Anhui,Chuzhou
158,4,709.5849221789392,8.220167185353167,74.80513398014166,31372.36524477622,51029.899464311326,68.79623883994627,786.3601419262934,48218.24120864187,49.53300074761585,39.652734220864694,12734508.283779506,71004.16051613577,813608.2763534797,340.1815965728567,10.905719709075242,26.66745407922366,893447.03459663,569814.1570884044,707.438139127857,,,Henan,Jiaozuo
159,4,481.004,3.4839999999999995,26.736620000000002,16155.8,55091.825999999994,22.55,391.32000000000005,33915.0,40.99500000000001,41.6875,6191204.8,25272.8,490233.4,224.0,6.0,23.36,495546.4,216118.6,481.755,226.324,214.476,Hunan,Yiyang
160,4,348.43199999999996,-1.298,19.9442,14541.2,55930.115999999995,24.458,491.615,37006.0,52.352500000000006,32.317499999999995,4311321.8,8761.0,358934.6,193.8,6.0,10.0,374528.0,132620.6,348.33200000000005,177.38000000000005,170.96,Sichuan,Meishan
161,4,350.092,15.532,52.25386000000001,7898.0,56807.29,47.06399999999999,829.35,62850.25,55.935,37.46249999999999,6277679.0,30200.2,537239.2,145.0,4.0,27.185,395557.2,269810.4,350.144,178.84799999999998,171.21,Fujian,Putian
162,4,847.2538930378001,7.796768612399999,65.639631367068,48722.857808365,56686.97304807122,59.72867355845001,614.2817052045,39575.400386671,46.084668896749996,42.02069266675,15502033.685912758,48137.66555945999,1044608.6448240199,324.9994617399999,15.591663800000001,24.607155944499997,1112643.11216243,542518.1541371802,849.4898388296667,,,Hebei,Hengshui
163,4,257.016,4.584,20.406920000000003,12698.4,85737.226,16.607999999999997,289.245,56810.8,46.72,46.445,6118857.2,80727.0,434406.6,95.8,14.0,57.8,993027.2,276007.6,256.954,131.39491999999998,125.6485,Zhejiang,Quzhou
164,4,732.100183657535,8.241644997710043,76.54616291215112,31615.402927761304,51249.312628598746,70.39985476260935,778.0604847213796,47476.85715588465,48.87820079745691,40.030083168922346,13122872.262698138,73276.02455054481,842302.4414437116,348.5937030110471,10.832767689680258,26.407284351171903,912036.4102364053,584068.3942276314,729.8293484030474,,,Henan,Xuchang
165,4,796.8375,10.525,42.942975,22946.33333333333,70065.9925,38.1,256.815,37094.0,44.97,39.76666666666667,6771125.75,53145.75,1115681.0,442.25,23.0,189.01,660400.25,318908.5,800.04952,417.042,382.982,Guizhou,Zunyi
166,4,408.22,10.76,20.53954,9267.5,51570.086,18.965999999999998,331.47,34018.8,41.265,37.8725,3730920.6,16276.8,450803.4,123.6,3.0,79.66499999999998,293927.6,90113.8,408.2786,222.9181,185.3865,Guangxi,Qinzhou
167,4,188.24599999999998,7.827999999999999,52.67026,29172.0,72011.938,34.906,207.755,75289.6,50.735,45.5425,4978671.8,60156.8,325692.4,78.4,17.0,219.06,880110.8,468432.0,188.24599999999998,110.18936000000001,109.01274,Ningxia,Yinchuan
168,4,542.118,-2.56,38.2774,114191.0,50875.0625,34.468,129.77,25142.6,30.18,46.395,7307791.6,12036.6,602670.8,244.6,17.0,31.7,1168887.8,287548.2,541.994,273.94599999999997,268.15052000000003,Heilongjiang,Qiqihar
169,5,164.55599999999995,11.474,81.5153,10168.2,63842.998,80.304,883.02,99695.86,52.7275,45.1725,12150101.6,284913.2,677500.4,102.4,25.0,102.865,2016197.4,1460786.8,164.63400000000001,81.304,83.37,Guangdong,Zhongshan
170,5,518.538,11.329999999999998,44.01042,16100.2,57131.85600000001,40.538000000000004,265.04999999999995,43803.5,52.7725,39.8875,6483532.8,70042.4,855116.8,281.6,20.0,40.145,827609.6,347696.2,505.34045999999995,246.66099999999997,238.34764000000004,Jiangxi,Jiujiang
171,5,747.1525959013708,8.394954664224047,78.57320443962786,31671.98978961206,51386.034803838666,72.14824508011664,762.7808503694716,46947.8162996103,48.197747517287375,40.4499220468505,13479673.360211348,75321.11952058114,861008.0042066257,356.08661654511695,11.154952202325608,26.763769974583365,936960.6909188324,604471.6205094735,744.7751382965839,,,Henan,Xinyang
172,5,740.6659999999998,0.468,44.94546,31100.2,55072.012,40.728,601.5150000000001,26422.0,46.63,32.295,7913816.2,15855.4,744528.6,497.0,3.0,19.04,794755.8,180078.0,740.7459999999999,386.82000000000005,353.98,Sichuan,Nanchong
173,5,241.296,5.08,41.43216,39979.4,58970.18200000001,41.9,138.74,98429.25,28.21,67.8625,14426239.8,34856.2,490604.2,108.0,14.0,92.07,732720.6,491499.4,240.12,157.11838,151.28361999999996,Inner Mongolia,Hohhot
174,5,608.0079999999999,9.54,67.62280000000001,31644.06666666667,62658.793333333335,58.36483333333334,257.24666666666667,36500.6,44.02666666666667,41.67,10180335.466666669,61837.46666666666,972797.8000000002,259.0,23.0,30.530000000000005,984350.8666666669,452032.8000000001,488.3927738095238,253.16554591269846,235.22443468253965,Yunnan,Dali
175,5,351.624,10.628,30.189460000000004,11016.6,61934.212,26.322000000000006,260.645,55902.75,50.485,32.73,5138028.0,27698.4,513881.2,176.4,6.0,36.235,571989.0,212068.0,351.58,184.516,166.942,Fujian,Ningde
176,5,573.4785331746087,3.230692762858443,124.68531956654179,29583.47396099577,71235.4967526347,112.79936941983823,754.2641360596618,100359.26235951121,46.63159964637092,47.55212405027835,23603096.560071427,324122.111172578,1257796.9307307168,201.12110920485978,21.10563355624803,90.91955691327334,2263905.2342424984,1366211.6702426386,573.4673951192184,,285.2030006316305,Jiangsu,Suqian
177,5,572.3464203418863,2.722746052309093,130.53767184089116,30969.987342610824,72403.98004129891,118.02224399059502,759.6394542180972,104463.18638716593,46.52903038839945,48.121325900299766,24878383.033923075,341926.4428012379,1296659.8638638486,202.34580991292594,21.882989983651726,96.36567667583284,2384537.267645768,1446513.2910305336,572.3304255130045,,285.37107760329445,Jiangsu,Wuxi
178,5,654.47,9.21,47.68362,29186.8,55494.054,41.6125,223.915,29689.0,47.55500000000001,33.739999999999995,5572335.4,22438.6,987767.2,247.2,6.0,20.76,442861.4,263820.4,608.3480000000001,318.86196,289.47806,Yunnan,Qujing
179,5,639.636,5.0200000000000005,32.64028,23506.6,51380.628,29.896000000000004,284.355,28499.0,35.69499999999999,44.1325,5827110.2,31422.4,700509.6,324.0,6.0,23.07,676503.0,293078.4,638.295,283.72799999999995,260.54799999999994,Hunan,Yongzhou
180,5,558.012,8.308,57.15583999999999,17064.6,50964.426,54.211999999999996,2574.625,37804.8,51.3575,43.6225,14986729.2,40500.6,737403.6,298.8,10.0,52.385,1346325.8,771636.0,558.184,280.29200000000003,277.95,Guangdong,Shantou
181,5,394.76199999999994,5.806,59.75532000000001,55262.2,60223.59199999999,56.48,412.62,54327.2,48.40000000000001,43.945,11608270.8,93810.4,677403.8,188.0,1.0,57.475,1351166.5,787902.8,394.81800000000004,198.71200000000002,196.09,Guangdong,Jiangmen
182,5,736.7046356281288,8.452084975172317,79.77164340226972,33259.055775586196,51217.944057427914,73.11279475212443,781.8759070607697,47939.724052917656,48.76326401843986,40.62391684997387,13750409.664225439,78917.19415528655,855402.751153734,354.5057243147914,11.29861568248065,27.78535463955559,950555.8836467545,621459.515210105,734.3041475163561,,,Henan,Luoyang
183,5,331.72,10.67,30.65232,24728.2,67093.674,28.785999999999998,946.885,30155.2,49.8125,39.1225,5004952.4,30482.4,341506.4,165.2,6.0,18.415,677800.2,304246.0,331.564,188.222,170.792,Anhui,Huainan
184,5,416.23800000000006,9.714,21.84894,7121.2,55310.672,21.428,113.95,30739.8,51.705,31.4175,2487417.6,27737.6,633962.8,172.0,7.0,39.185,375918.25,126124.8,416.14356000000004,216.66464,199.52092,Guangxi,Baise
185,5,444.82199999999995,1.91,130.0989,38494.6,63550.044,121.098,535.115,96356.8,50.16,45.6025,17753623.4,239884.0,976823.8,185.0,35.0,81.10499999999998,2438286.8,1237492.2,444.96,222.06394,222.8099,Zhejiang,Shaoxing
186,5,794.448,15.886,46.540279999999996,22789.33333333333,57495.046,43.21,681.825,43801.6,40.2475,43.80499999999999,13293047.4,16155.0,1011427.4,261.6,2.0,17.89,1603049.2,269604.2,794.324,425.11,369.18,Guangdong,Maoming
187,5,518.1101675190123,7.859702195061727,82.9155533429037,37454.10215441976,49548.23537902444,81.35412010049383,559.0655286185186,57252.29288256173,48.34376425864197,39.03921205648149,17209619.45251741,225371.4188175309,835864.3512773084,222.04592244444444,33.918352716049384,59.031366367283944,1371835.4897946422,582254.3140126419,514.3925169773582,,,Hubei,Huanggang
188,5,313.096,14.464000000000002,31.479000000000006,16493.0,58727.566000000006,28.496,161.60500000000005,73147.0,51.405,37.3175,7298365.2,67208.4,553762.0,169.2,8.0,58.94,510953.2,363103.6,313.0300000000001,162.23799999999997,150.638,Fujian,Longyan
189,6,1144.048,16.758,90.10544000000002,24811.0,59356.15800000001,82.88199999999998,650.6949999999998,39250.4,44.285,46.8375,23001310.8,51248.2,1332191.6,336.6,7.0,31.305,1312147.4,605701.6,1143.986,592.6479999999998,551.3100000000002,Shandong,Linyi
190,6,353.49800000000005,0.24250000000000016,26.426680000000005,24070.0,59557.6,24.424,278.92,43147.0,54.3475,34.825,6072343.0,15795.8,389372.8,206.4,1.0,18.965,673898.6,213461.2,353.37800000000004,180.06,173.26,Sichuan,Leshan
191,6,886.5820823415801,8.05204547364,69.5278385037748,51258.5635892015,56896.69535287833,63.27254091429501,624.40187572495,40441.0404253381,46.140885786424995,42.129511933425,16376329.174504032,50747.772115405984,1099781.7493064217,340.1994079139999,16.75083018,25.675371538949992,1182657.7433786732,578150.0495508981,889.1101560459667,,,Hebei,Baoding
192,6,353.116,2.53,79.18498000000001,26927.4,75022.12,67.61800000000001,890.345,86528.8,53.16,43.2975,16450660.8,185000.6,952963.0,172.0,31.0,204.605,2467967.6,1221303.0,353.278,173.56426000000002,179.74424000000005,Zhejiang,Jiaxing
193,6,360.7156773576784,4.998117501028708,50.871608931746515,21774.89547372648,57610.185726951655,48.088914808819,317.4653725482367,44614.70762446227,44.58017972600051,48.31884060106459,7913037.00629272,48929.42373682772,520227.9016921358,227.29380967716446,14.483180193910705,66.67158320270201,838962.423753769,459622.8027288861,360.6373494435848,,,Shanxi,Taiyuan
194,6,553.876,3.95,36.3128,29909.8,62293.2,33.461999999999996,416.805,37717.0,55.59,30.7075,7676760.8,27604.4,688398.8,283.0,10.0,22.785,599416.2,238629.2,554.016,287.94,266.06000000000006,Sichuan,Yibin
195,6,566.938,6.526000000000002,46.32286000000001,36587.2,50078.225999999995,39.714,379.35,53590.2,48.285,41.13500000000001,11291229.0,52880.6,586714.2,301.2,28.0,22.275,838274.6,373402.4,566.4225,294.438,274.278,Hunan,Yueyang
196,6,376.324,4.444000000000001,31.1275,15568.6,50750.53400000001,18.652,310.38,16570.6,47.07250000000001,36.395,2823358.0,7071.0,451936.8,214.8,11.0,17.625,210954.8,96004.8,376.42400000000004,196.54,179.94,Sichuan,Bazhong
197,6,737.3029446700041,8.439557306850471,80.23294896242102,31872.05949395861,51084.05766125644,73.50538106893273,802.8416341981543,47292.92938977883,48.82464828633586,40.27367797330546,13464165.628507134,76277.34043230565,850155.9078973163,350.31277260244417,11.651856727979359,27.735044948859294,925588.4092232048,620423.8828907787,734.9469240174465,,,Henan,Pingdingshan
198,6,560.214,5.644,131.29994,52282.2,69032.88,113.402,281.925,65668.2,39.7925,55.5675,23062677.8,154198.0,1071097.0,300.2,40.0,57.475,2250322.8,968250.8,673.28,346.22786,327.05138,Yunnan,Kunming
199,6,278.76,-0.7240000000000001,22.35254,25064.8,50993.956,20.8,269.195,28342.8,40.62,44.445,4642072.6,9471.0,293291.2,130.6,16.0,12.14,636351.2,240055.4,278.84,142.79999999999995,136.134,Liaoning,Huludao
200,6,378.49,13.39,26.98412,27183.4,56820.292,20.926,627.71,42511.8,47.0675,38.655,6539573.4,111111.0,473819.2,172.4,12.0,31.695,601679.8,223175.0,378.528,196.258,182.17400000000004,Anhui,Bengbu
201,6,462.08600000000007,2.708,32.838440000000006,27223.6,61084.15800000001,32.312,51.585,41333.25,43.38,40.3275,6987373.2,15432.6,820398.4,147.8,13.0,39.01,670629.4,266336.4,462.8575,220.80176,210.10024,Inner Mongolia,Chifeng
202,6,359.61541928630936,4.872130556698565,44.84923436860723,18680.950526362754,56543.63769661295,42.207683120910005,294.16708060915187,41648.60847162474,45.35381080666723,46.902045112294,6961835.073658579,36845.13748536413,502708.84632459533,227.7264551968494,13.425755771011893,54.347870225224455,702481.2263930767,410033.7808098735,359.70566604842753,,,Shanxi,Yuncheng
203,6,854.9844905757382,8.227850021003999,67.27635635415228,51460.13994812165,57020.33028816616,61.339195005724505,632.7830632974449,41561.21346787191,45.9529743650675,42.403463126767505,16245445.831954438,52417.789326946586,1079781.144237064,328.6193487053999,15.025913198000001,26.439408692844996,1162876.2427165403,583363.494505988,857.8281716505633,,,Hebei,Handan
204,6,578.9269142143391,2.7644957486405612,131.6401589055751,30292.463292042426,71684.11742909114,119.05057045141,738.4286430041047,101482.37380156331,46.374148110584024,47.977004815707446,24375825.86730177,337371.1999397946,1289143.2995456834,203.81856452161253,20.02783536700955,96.00457488166613,2326956.380541596,1398798.1134174978,578.9064582447741,,288.35562203431715,Jiangsu,Zhenjiang
205,6,,,,,,,,,,,,,,,,,,,,,,Hongkong,HongKong
206,6,495.64478427091353,7.8826724145678995,84.1269586771941,39360.89236986173,50444.85231692689,82.56193211054321,572.4265814803704,60280.3471708179,49.23189068450616,39.13288326212963,17958838.897769146,240324.88069928397,833207.0064050393,214.15051468888888,34.51018798765432,62.38250300401235,1442655.8387741062,618254.5854139061,491.50326867509403,,,Hubei,Huangshi
207,7,1043.92,2.53,282.04994,246174.2,91544.412,242.112,857.4549999999998,112238.75,44.68750000000001,54.1375,53788917.2,1153322.0,4817743.4,518.6,27.0,161.215,6421408.0,3040200.0,1043.9160000000002,522.168,521.748,Tianjin,Tianjin
208,7,651.762,8.662,119.43402,11214.6,50912.612,28.288,650.125,24478.6,38.665,41.515,4667349.0,38548.6,612324.2,247.2,4.0,9.54,440131.0,202769.0,651.568,338.2820000000001,313.3,Anhui,Suzhou
209,7,389.898,0.15399999999999994,32.0978,20155.4,67486.01400000001,28.894000000000002,661.91,51360.6,54.59,33.0,6941960.0,25276.6,348180.6,147.4,11.0,42.2,824620.8,327477.4,389.798,198.36,191.38,Sichuan,Deyang
210,7,608.008,9.540000000000001,67.62280000000001,31644.06666666667,62658.793333333335,58.36483333333333,257.24666666666667,36500.6,44.02666666666668,41.67,10180335.466666669,61837.466666666674,972797.8,258.99999999999994,23.0,30.53,984350.8666666669,452032.8000000001,501.5974511904762,260.4195945039683,241.1753841507936,Yunnan,Zhaotong
211,7,476.8850102466,4.366858911799999,66.719775853612,32789.78289198,58278.3520598708,61.4630404914,342.95057930449997,55320.21859645999,52.028552628,37.43038319975001,10549948.845794937,78706.14653930001,743361.7229653599,255.53745632,20.5810407,41.36964521149999,969388.8579836402,490705.88810384006,476.8850102466,,,Shaanxi,Hanzhong
212,7,602.570984538519,2.934226190843681,138.21721266754244,31532.698929891845,71878.21415440584,124.89784510151847,740.736615542882,100432.7102478374,46.151967196013565,48.044082109223396,25315314.857094213,353049.7691659327,1336606.5533568896,210.97383871558273,21.260745779856435,95.13838833410199,2431454.348275565,1466279.9836803824,602.5523396482182,,299.9817606523415,Jiangsu,Yancheng
213,7,518.2678626980048,7.524339656024691,89.4018765449135,41142.761606847904,50950.20174861957,86.19092532159752,571.5042396284074,60880.10688789969,48.441329752956776,39.565671588342596,19099082.78754606,261087.96876921234,882124.0270455433,222.70556615777778,37.36120678641976,63.75175330441357,1527168.702651517,652189.5439552966,513.8040955426035,,,Hubei,Xiangyang
214,7,412.19599999999997,-1.1900000000000002,21.33788,18450.4,54976.788,18.465999999999998,635.21,37771.2,53.28,28.697500000000005,3884932.2,14994.8,338048.4,242.0,7.0,24.78,378241.0,87939.2,412.19599999999997,214.76,197.34,Sichuan,Ziyang
215,7,481.838,5.674,89.3111,24454.4,73282.60800000001,59.26800000000001,435.51,66313.4,44.93,51.1225,18862151.25,174957.6,1003615.4,242.6,26.0,62.43000000000001,2146372.2,818428.6,481.7360000000001,244.97716,236.78364,Zhejiang,Jinhua
216,7,752.2860000000002,1.5319999999999996,124.52169999999998,72997.8,68364.798,120.71,366.26,79828.0,50.28,44.215,26406902.08,102677.6,1093918.0,338.4,35.0,87.96000000000002,2106783.4,961682.6,752.2860000000002,377.95,374.45599999999996,Jilin,Changchun
217,8,279.33966490299827,6.108772486772487,34.97472417401529,14720.825485008821,59974.70007054674,31.173680776014105,162.75611919459143,36892.35167107584,36.802768959435625,49.729101631393306,5451084.477630804,31069.583627278076,481838.93256907706,183.42621987066428,11.530423280423282,34.262762345679015,451824.6290123457,254718.82698412702,279.33966490299827,,,Gansu,Lanzhou
218,8,748.7979409813377,8.36366112730717,81.96017755991575,32537.170126889185,51163.65603867353,74.96013980686158,809.0360764780313,47962.401749097415,48.701458172091584,40.290089838192486,13852529.470407609,79099.10979445935,869721.5017571374,356.94695744260713,11.895313843177982,27.928714612116583,917152.0365047518,630999.1817501639,746.3702189519429,,,Henan,Anyang
219,8,279.75,2.036,17.34176,10267.4,63027.924000000006,15.254000000000001,227.335,41921.6,49.075,39.005,4652947.8,99118.8,383167.2,154.2,14.0,28.385,414073.2,149693.4,279.82599999999996,144.546,135.37,Anhui,Xuancheng
220,8,486.24731127125995,4.5969448029799995,70.36891743897321,34670.04118117799,58509.93406585788,64.95674454054,363.14113723494995,57353.62045610599,52.7129078908,37.39942151972501,11232911.390374431,84883.08119323001,761033.6152618959,260.011201952,22.23914477,43.42060973264999,1019889.7437820041,516702.47691422404,486.24731127125995,,,Shaanxi,Yulin
221,8,508.516,3.7319999999999998,36.00548,15560.6,58771.20200000001,32.760000000000005,414.71,34423.2,57.7625,30.15,6348489.6,32039.8,648006.2,218.8,8.0,25.265,578186.6,231815.2,508.37599999999986,262.88,245.56,Sichuan,Luzhou
222,8,835.6189396333118,7.833235023104399,66.87622198956753,46614.33394293381,57511.70471698277,61.02091450629696,609.8828696271894,42247.0548146591,45.80802180157424,42.570809439444254,16374625.295149881,52523.60825964125,1081065.1586607704,322.36128357593986,15.428504517800002,27.4478495621295,1163119.2269881943,572739.0439565867,839.1376554822862,,,Hebei,Shijiazhuang
223,8,326.2920000000001,1.0059999999999998,20.88774,23520.6,63443.52800000001,16.46,749.8499999999998,43916.8,55.35,33.565,5510811.2,27994.2,315937.2,137.6,5.0,15.2,476977.2,135222.4,326.1520000000001,166.04,160.2,Sichuan,Zigong
224,8,1059.41,12.264000000000001,34.32676,8486.4,52618.8325,32.78,1053.175,18038.2,41.2175,37.505,7693419.0,41987.8,892084.8,435.2,13.0,5.825,468201.4,255305.6,1059.41,552.7839999999999,506.52000000000015,Anhui,Fuyang
225,9,644.87,9.914,24.067120000000003,7859.2,52343.68,21.254,744.835,20816.6,39.085,41.1925,4871120.4,35099.0,510944.4,287.4,10.0,15.09,349570.6,154908.6,644.79,339.662,305.0900000000001,Anhui,Bozhou
226,9,640.446,8.638000000000002,97.64706,15443.0,59189.138,20.094,390.92,23034.0,44.6075,37.6425,5613880.0,62036.8,683711.8,365.4,13.0,9.42,509259.6,185244.6,640.4000000000002,323.92,289.12,Anhui,"""Lu'an"""
227,9,600.7180000000002,5.166,99.7733,23965.0,65074.00600000001,88.13600000000001,634.415,66180.6,44.7475,49.05499999999999,20177496.8,137451.8,1096206.4,267.8,47.0,53.66,1501468.4,990188.6,600.7040000000001,307.12334,293.61696,Zhejiang,Taizhou
228,9,508.496,13.318,56.29076,12435.8,62784.52800000001,46.466,387.97,61388.25,48.215,38.8325,8877637.2,52067.0,676000.0,207.4,10.0,90.315,732711.8,388039.6,508.456,261.10600000000005,247.474,Fujian,Zhangzhou
229,9,718.546,12.628,32.25636,14681.4,53688.71,29.54,553.0,26686.8,41.3425,40.7925,5849394.4,20960.8,776779.4,282.8,11.0,21.31,472617.6,165174.0,718.5296999999998,385.21668,333.37122,Guangxi,Yulin
230,10,585.2529064260974,2.9007051286008876,142.26766287273801,32539.014232191214,72861.51062782167,128.79075626317373,760.0855859692575,103337.5533438249,46.215003134168455,48.441126886855955,26032321.95379377,358918.76679408137,1341808.0574612657,205.81798015524296,22.126956993691547,99.63134128287905,2504937.544296762,1521804.9055019503,585.2369811596196,,292.2407853179062,Jiangsu,Nantong
231,10,496.826842398386,4.587839283277999,73.14392518287053,37129.865299295794,57790.87727244367,67.877418994594,390.8452509584449,53940.30250171659,51.65344867988,38.02786367169751,11920316.509411875,88346.44931255301,753111.0167880856,265.8323221472,23.163059247,44.554670705915,1075441.6381602045,544404.8246056464,496.826842398386,,,Shaanxi,Xianyang
232,10,384.504,9.118,59.82272,27086.2,60628.71799999999,48.426,204.32,64793.4,55.9125,37.06,10539319.0,39862.0,649096.6,156.0,6.0,51.255,975723.6,397170.0,384.51864,198.94588,185.51276,Guangxi,Liuzhou
233,10,532.2940000000001,8.704,42.2968,24108.2,59729.502,37.978,189.63,39594.4,42.3425,39.5625,8389890.6,33388.0,684093.2,214.0,25.0,98.25,759640.6,323459.8,532.33908,276.05773999999997,256.27133999999995,Guangxi,Guilin
234,10,571.3743607665664,3.234759369262494,136.96189693987168,32310.93840389823,72987.72775303872,125.12050674495634,762.601400274585,104176.69206258067,46.080195682950645,48.58640587815257,26013176.76562406,365926.287316703,1327726.53880444,205.650132474877,21.136722916283205,102.70413676617744,2537331.9400118976,1558832.2213097925,571.364595094975,,284.80823034236056,Jiangsu,"""Huai'an"""
235,10,542.4559999999999,2.282,51.29696,31865.8,64552.45,46.18,270.095,39613.4,47.42250000000001,37.7375,9815746.0,98077.8,554900.8,225.0,17.0,34.62,839255.4,323428.4,542.4159999999998,278.42,264.04,Sichuan,Mianyang
236,11,757.3064703800935,8.364838535794313,83.68460006391014,32776.24813534846,51399.02284125177,76.63001579398566,807.2788149099,48467.40026570391,48.66655538356436,40.27309582740532,14276437.26176812,81539.9304474233,885202.1085409465,360.4767546054476,11.221668099389849,28.46262891959102,930427.3589384019,644875.5005335081,754.8140668820724,,,Henan,Zhengzhou
237,11,697.1519999999999,7.011999999999999,125.19118,41832.8,77074.93000000001,116.824,571.855,123075.0,48.925,47.355,40565572.4,273500.8,1598412.2,306.6,16.0,115.96,2154992.6,1312678.6,689.19,388.008,381.218,Hunan,Changsha
238,12,400.338,12.944,105.80434,34995.8,70087.69399999999,93.788,481.73,67747.0,38.3175,57.3875,11557682.2,171249.2,1008523.8,313.0,22.0,134.20499999999998,1327520.6,695853.8,400.4904,202.448,198.112,Guizhou,Guiyang
239,13,206.082,10.330000000000002,237.41478,12034.6,58005.102,236.612,785.345,83834.2,47.3025,52.36500000000001,24382527.0,292353.2,1391656.4,227.0,13.0,520.345,5883112.0,4073035.2,206.062,103.76799999999999,102.28,Guangdong,Dongguan
240,13,572.0223885178408,3.1645100899749936,142.4634767044772,33244.533665736555,73951.70958019554,130.21516110995296,778.1522772187839,107520.16837508687,46.34444150471609,48.74862940724123,27190173.239902835,386220.955571834,1369442.011020166,207.16168112679063,22.224163140612685,107.2313780558834,2659248.2430897355,1629113.1614105457,572.0067947176653,,285.6482142148499,Jiangsu,Yangzhou
241,13,795.138,6.65,147.29292,75743.2,76511.364,140.07999999999998,692.98,111224.8,42.50750000000001,53.77499999999999,41127630.6,326948.8,2382124.4,304.0,43.0,75.89500000000002,3425287.25,1992442.4,795.1519999999999,394.478,400.75199999999995,Shandong,Qingdao
242,14,963.534,-1.15,129.80293999999998,92897.8,62371.02,122.426,183.51,59926.2,30.9225,58.305,36758923.0,94937.2,1202242.0,456.4,80.0,82.49000000000002,2531029.4,1038690.4,963.432,483.08,480.36266000000006,Heilongjiang,Harbin
243,14,592.274,2.6260000000000003,160.50172,67200.0,84580.526,136.66,596.36,113590.0,51.51,45.11,36424057.2,567611.6,1973653.8,295.4,90.0,120.84,4066795.0,2618648.2,592.252,293.9886600000001,298.2517200000001,Zhejiang,Ningbo
244,14,798.154,4.748,52.46464000000001,43627.0,50836.325999999994,47.992,519.6700000000002,37995.2,41.6225,44.2875,11036385.2,27774.6,812889.2,435.4,5.0,24.205,1446738.8,608382.8,797.4425,377.784,349.726,Hunan,Hengyang
245,15,580.5868799422901,3.34085701997307,145.43715645097544,33885.682409254754,74466.42200944136,132.99109657994939,784.1874523894596,108244.87363470894,46.092667774309625,49.06160090010594,28239433.51989536,405498.9367696674,1411849.8118678713,210.29719505962066,23.472175689890584,110.3534071371052,2759662.261788946,1704338.943057511,580.5727020036396,,289.8836153082998,Jiangsu,Changzhou
246,16,523.616,11.357999999999999,122.32173999999999,64307.8,66149.62599999999,103.508,700.98,80918.75,53.23,42.645,18128683.8,150720.8,935388.8,286.4,9.0,99.195,1327819.4,614098.8,532.3976399999998,278.13136000000003,260.34064,Jiangxi,Nanchang
247,16,386.858,4.524,46.34534000000001,17197.2,62305.246,42.49,638.49,74777.8,57.32,37.9925,8347898.6,478077.0,629435.2,210.2,9.0,47.555,925570.4,410604.2,386.75800000000004,199.59799999999998,187.08,Anhui,Wuhu
248,18,406.314,10.585999999999999,168.76548,22985.0,67535.086,166.828,1019.76,115564.4,59.6075,38.73,29463077.2,363089.6,1293391.6,198.6,55.0,102.67,3347465.2,2362231.4,406.228,200.86,205.40599999999998,Guangdong,Foshan
249,18,566.2,5.4,34.97592,14984.6,54724.515999999996,32.194,403.48,34243.8,50.12000000000001,37.4225,6938548.2,82705.4,667724.6,333.4,25.0,25.155,635878.0,256178.0,566.188,282.8660000000001,264.014,Anhui,Anqing
250,18,687.2520000000002,10.012,159.05486000000005,33829.4,69450.812,139.126,525.7349999999999,82385.5,42.92249999999999,49.57,38350311.4,158764.6,1461191.0,319.4,36.0,120.295,1835481.2,1188630.2,687.184,351.61399999999986,335.662,Fujian,Fuzhou
251,20,221.91,14.722000000000001,142.28258,27680.0,71965.698,128.30599999999998,1267.615,98127.0,42.59,56.7775,13026665.6,219052.0,1119140.4,93.4,5.0,252.605,2499640.0,1975360.0,221.54,109.42200000000001,111.62,Fujian,Xiamen
252,20,518.2678626980049,7.524339656024691,89.4018765449135,41142.7616068479,50950.20174861958,86.19092532159753,571.5042396284074,60880.10688789969,48.44132975295678,39.56567158834259,19099082.78754606,261087.96876921234,882124.0270455432,222.70556615777778,37.36120678641976,63.75175330441357,1527168.702651517,652189.5439552966,513.8040955426035,,,Hubei,Wuhan
253,21,735.6419999999999,-0.3260000000000001,133.7951,100109.4,68421.718,124.27,567.9749999999998,77192.6,43.5525,51.8925,38960623.2,213373.2,1139579.2,297.6,49.0,166.695,9764105.6,1408265.4,735.54,363.3,372.13599999999997,Liaoning,Shenyang
254,21,636.066,7.979999999999999,134.28816,33052.4,76925.51999999999,121.24799999999999,779.955,92709.442,37.315,58.09500000000001,37626693.0,133759.4,1273702.8,227.2,30.0,187.145,2401133.6,1392758.2,635.97,315.6482,320.288,Shandong,Jinan
255,22,442.7906315789474,12.22242105263158,99.71793157894737,30209.33333333333,62763.827368421036,96.31221052631581,792.5252631578948,66844.82421052632,45.45092105263158,45.84342105263158,17526431.694736842,335640.4736842105,1053729.4000000001,222.4421052631579,15.555555555555555,136.12421052631578,2497809.589473684,1579090.6947368423,443.428,228.03547368421053,215.88210526315785,Guangdong,Shenzhen
256,23,749.9860000000001,7.824000000000002,97.82208,29169.6,69714.45599999999,86.796,330.42,51788.2,37.0425,52.02,19605589.6,65054.0,1024527.2,347.6,21.0,106.13,1139221.6,518668.4,749.9231200000003,391.75026,358.11086,Guangxi,Nanning
257,24,733.13,15.254000000000001,148.37888,21382.8,57463.20400000001,141.882,652.845,79018.25,59.525,37.6575,27631022.6,131575.6,1284503.4,326.2,34.0,88.19,1239544.4,660305.4,733.154,379.848,353.836,Fujian,Quanzhou
258,25,1349.75,3.78,513.7295200000002,178279.5,74807.07400000001,242.646,1006.0,80589.0,43.505,52.915000000000006,56725564.4,473814.6,2310793.2,560.6,9.0,170.615,6629575.0,3829080.0,1350.23,671.0,679.22,Sichuan,Chengdu
259,25,819.382,7.836,108.46456,30100.6,70619.936,92.56200000000001,672.8050000000002,55519.2,42.92,54.42000000000001,28989343.8,141449.4,1606879.6,453.0,10.0,136.405,2597883.6,1140610.8,819.24,424.7393,394.54474,Zhejiang,Wenzhou
260,25,596.3943322455432,3.4118460215094597,151.281034639512,33989.87336381281,74112.8070870907,138.29548862456087,779.4418718040334,107174.44083737885,45.99229606464114,48.990185584729474,28710787.06757962,418389.9319057957,1453900.9820115538,214.12005621805304,24.73926612757447,112.42482307072868,2825372.3588496344,1748767.0771388581,596.3759867731503,,297.5778995627844,Jiangsu,Suzhou
261,27,594.7719999999998,0.8859999999999999,107.72952,83017.0,75247.886,101.558,472.515,105534.8,43.93250000000001,50.02,33857207.0,259410.2,1087217.6,289.4,6.0,265.935,4149643.0,1484521.4,594.794,295.56,299.168,Liaoning,Dalian
262,30,496.26372663822457,4.6538232116058,75.27699970115758,38227.01182922538,58626.85159968804,69.7769608940534,378.1737760542894,54529.812751888254,51.040793547868,39.03790003886726,12491831.820353061,95118.99424380831,763431.8984668942,263.89555436192006,24.2793651717,46.7101377765065,1105632.301976225,559485.4470662111,496.26372663822457,,,Shaanxi,"""Xi'an"""
263,37,740.67,6.1979999999999995,287.6693,38906.6,87834.288,264.61400000000003,433.765,123124.4,37.73,59.57,51015285.4,816017.6,2507756.2,327.8,78.0,267.4,6165799.0,3861586.0,740.6659999999998,368.67384,371.9833,Zhejiang,Hangzhou
264,37,3386.6079999999997,4.4239999999999995,630.3365000000001,141446.0,68272.86200000001,371.19599999999997,409.545,56001.5,44.045,48.735,70901432.2,526701.6,5777400.2,1141.2,12.0,37.74,11537283.0,4563488.6,3386.5,,1645.0,Chongqing,Chongqing
265,40,878.518,11.752,329.9521400000001,224317.0,90992.826,314.98,1140.99,142553.6,30.45,68.36,84995351.0,1185734.0,3366507.0,513.8,53.0,245.045,7470691.4,5134894.6,878.43,440.542,437.99000000000007,Guangdong,Guangzhou
266,42,1449.734,-1.03,670.8189800000001,230920.0,117481.352,625.842,2272.45,113177.5,31.52,68.065,109761100.8,3384230.6,8191809.6,802.0,81.0,518.125,15226880.0,8324420.0,1449.836,,,Shanghai,Shanghai
267,46,732.304,9.739999999999998,154.315,176493.6,72602.88399999999,134.558,625.0799999999998,81371.0,51.18250000000001,44.475,24002697.6,659171.0,1304910.0,356.6,49.0,66.16,2150476.8,1336439.4,732.2479999999998,377.82199999999995,354.39599999999996,Anhui,Hefei
268,49,589.946050110585,3.360603407779419,140.0082357656283,33698.30977641379,73646.28024763614,126.67144928798864,780.3947080966514,104150.39782486952,45.804780377305846,48.898661398939446,27121890.54970113,368168.54205239535,1364285.5190893656,208.25236823482632,24.873055829695588,102.22211715309244,2551464.463376529,1561509.9292264623,589.9332165249311,,293.7980702983832,Jiangsu,Nanjing
269,89,1355.3200000000004,3.5420000000000003,791.37708,88137.2,124811.882,737.55,816.0350000000002,116225.25,19.735,79.70250000000001,108608363.8,3287752.2,8950368.2,645.6,251.0,430.92,15591149.4,11337030.6,1347.1509666666668,674.3815000000002,672.7694666666667,Beijing,Beijing
